date,entry,sma_at_entry,risk,target,exit,outcome,r,days_held,_skipped_thin,ticker,kind,ema_agrees,week_of_month
2023-02-16,18034.1,17832.51,201.59,18437.28,17554.3,sma_exit,-2.38,4,3.0,^NSEI,index,True,3
2023-03-09,17766.5,17667.7,98.8,17964.11,17412.9,sma_exit,-3.579,1,,^NSEI,index,False,2
2023-04-05,17428.05,17158.92,269.13,17966.31,17966.31,target,2.0,15,,^NSEI,index,True,1
2023-06-28,18829.15,18728.15,101.0,19031.16,19031.16,target,2.0,1,,^NSEI,index,True,4
2023-09-05,19545.15,19395.29,149.86,19844.88,19844.88,target,2.0,3,,^NSEI,index,True,1
2023-10-17,19843.3,19661.12,182.18,20207.67,19624.7,sma_exit,-1.2,2,,^NSEI,index,True,3
2024-02-02,21832.95,21646.97,185.98,22204.91,21616.05,sma_exit,-1.166,6,,^NSEI,index,True,1
2024-02-15,21870.85,21688.66,182.19,22235.22,22235.22,target,2.0,4,,^NSEI,index,True,3
2024-03-02,22353.3,22023.73,329.57,23012.44,21997.7,sma_exit,-1.079,7,,^NSEI,index,True,1
2024-04-04,22529.95,22192.8,337.15,23204.25,22272.5,sma_exit,-0.764,6,,^NSEI,index,True,1
2024-04-29,22625.95,22433.46,192.49,23010.93,22442.7,sma_exit,-0.952,4,,^NSEI,index,True,5
2024-05-18,22502.15,22373.59,128.56,22759.27,22759.27,target,2.0,3,,^NSEI,index,True,3
2024-06-07,22910.15,22669.66,240.49,23391.13,23391.13,target,2.0,1,,^NSEI,index,True,1
2024-08-01,24999.75,24595.89,403.86,25807.48,24055.6,sma_exit,-2.338,2,,^NSEI,index,True,1
2024-08-20,24638.8,24493.7,145.1,24928.99,24928.99,target,2.0,4,,^NSEI,index,True,3
2024-09-16,25430.5,25104.6,325.9,26082.3,26082.3,target,2.0,8,,^NSEI,index,True,3
2024-11-27,24343.3,23977.07,366.23,25075.77,23914.15,sma_exit,-1.172,1,,^NSEI,index,True,4
2024-12-03,24301.7,23980.41,321.29,24944.29,24336.0,sma_exit,0.107,10,,^NSEI,index,True,1
2025-02-01,23546.8,23220.0,326.8,24200.39,23071.8,sma_exit,-1.454,7,,^NSEI,index,True,1
2025-03-20,22940.7,22526.12,414.58,23769.86,23769.86,target,2.0,3,,^NSEI,index,True,3
2025-04-17,23452.2,23203.41,248.79,23949.78,23949.78,target,2.0,1,,^NSEI,index,True,3
2025-05-15,24973.8,24390.12,583.68,26141.16,24716.6,sma_exit,-0.441,12,,^NSEI,index,True,3
2025-06-10,25160.1,24829.46,330.64,25821.38,24718.6,sma_exit,-1.335,3,,^NSEI,index,True,2
2025-06-24,25057.0,24881.86,175.14,25407.28,25407.28,target,2.0,2,,^NSEI,index,True,4
2025-08-20,25012.65,24703.61,309.04,25630.73,24712.05,sma_exit,-0.973,4,,^NSEI,index,True,3
2025-10-10,25220.9,25053.89,167.01,25554.91,25554.91,target,2.0,4,,^NSEI,index,True,2
2025-11-17,26010.7,25801.22,209.48,26429.66,25986.0,sma_exit,-0.118,12,,^NSEI,index,True,3
2025-12-24,26233.55,25994.3,239.25,26712.05,25942.1,sma_exit,-1.218,2,,^NSEI,index,True,4
2026-01-02,26197.55,26002.81,194.74,26587.02,25876.85,sma_exit,-1.647,4,,^NSEI,index,True,1
2026-02-09,25818.55,25419.61,398.94,26616.44,25471.1,sma_exit,-0.871,4,,^NSEI,index,True,2
2026-02-18,25764.4,25570.76,193.64,26151.68,25454.35,sma_exit,-1.601,1,,^NSEI,index,True,3
2026-04-10,23990.75,23179.19,811.56,25613.87,23997.55,sma_exit,0.008,13,,^NSEI,index,True,2
2026-06-17,24011.4,23581.55,429.85,24871.1,23882.05,sma_exit,-0.301,14,,^NSEI,index,True,3
2026-07-31,24342.95,24099.56,243.39,24829.73,24614.9,timeout,1.117,2,,^NSEI,index,True,5
2023-01-04,43482.8,43112.97,369.83,44222.46,42608.7,sma_exit,-2.364,1,8.0,^NSEBANK,index,False,1
2023-02-16,41795.45,41393.45,402.0,42599.46,41131.75,sma_exit,-1.651,1,,^NSEBANK,index,True,3
2023-04-05,40857.6,39894.37,963.23,42784.06,42784.06,target,2.0,12,,^NSEBANK,index,True,1
2023-06-07,44266.15,43986.61,279.54,44825.23,43944.2,sma_exit,-1.152,3,,^NSEBANK,index,True,1
2023-06-30,44501.1,43963.92,537.18,45575.47,45575.47,target,2.0,2,,^NSEBANK,index,True,5
2023-08-30,44655.75,44349.41,306.34,45268.42,44060.75,sma_exit,-1.942,1,,^NSEBANK,index,False,5
2023-09-05,44656.05,44241.18,414.87,45485.78,45485.78,target,2.0,4,,^NSEBANK,index,True,1
2023-11-09,43799.35,43370.45,428.9,44657.16,43449.6,sma_exit,-0.815,9,,^NSEBANK,index,True,2
2024-02-16,46297.7,45600.46,697.24,47692.19,45963.15,sma_exit,-0.48,8,,^NSEBANK,index,True,3
2024-03-04,47433.85,46455.63,978.22,49390.29,46981.3,sma_exit,-0.463,6,,^NSEBANK,index,True,1
2024-04-02,47646.8,47045.14,601.66,48850.12,48850.12,target,2.0,5,,^NSEBANK,index,True,1
2024-04-25,48302.7,47987.26,315.44,48933.57,48933.57,target,2.0,2,,^NSEBANK,index,True,4
2024-05-27,49052.95,48261.96,790.99,50634.93,50634.93,target,2.0,5,,^NSEBANK,index,True,4
2024-06-07,49672.75,48678.02,994.73,51662.21,51662.21,target,2.0,7,,^NSEBANK,index,True,1
2024-09-11,51366.0,51101.64,264.36,51894.72,51894.72,target,2.0,2,,^NSEBANK,index,False,2
2024-09-16,51994.1,51324.23,669.87,53333.84,53333.84,target,2.0,3,,^NSEBANK,index,True,3
2024-11-28,52555.5,51405.57,1149.93,54855.37,52139.55,sma_exit,-0.362,14,,^NSEBANK,index,True,4
2025-01-31,49426.2,48889.64,536.56,50499.31,50499.31,target,2.0,4,,^NSEBANK,index,True,5
2025-03-20,49807.55,48607.03,1200.52,52208.59,49860.1,sma_exit,0.044,11,,^NSEBANK,index,True,3
2025-04-16,52486.35,51133.78,1352.57,55191.49,55191.49,target,2.0,2,,^NSEBANK,index,True,3
2025-05-19,55418.9,54960.05,458.85,56336.59,54877.35,sma_exit,-1.18,1,,^NSEBANK,index,True,3
2025-09-15,54852.25,54494.21,358.04,55568.32,55568.32,target,2.0,3,,^NSEBANK,index,True,3
2025-10-06,55616.45,55119.47,496.98,56610.42,56610.42,target,2.0,4,,^NSEBANK,index,True,1
2026-01-02,59743.2,59251.9,491.3,60725.8,59251.55,sma_exit,-1.001,5,,^NSEBANK,index,True,1
2026-01-14,59767.55,59506.48,261.07,60289.69,59404.2,sma_exit,-1.392,3,,^NSEBANK,index,True,2
2026-02-09,60389.4,59554.78,834.62,62058.63,60529.0,sma_exit,0.167,14,,^NSEBANK,index,True,2
2026-04-10,55583.1,53350.77,2232.33,60047.76,55403.6,sma_exit,-0.08,12,,^NSEBANK,index,True,2
2026-06-11,55555.85,54298.1,1257.75,58071.35,58071.35,target,2.0,9,,^NSEBANK,index,True,2
2022-11-29,1235.17,1181.93,53.24,1341.66,1184.35,sma_exit,-0.954,8,5.0,RELIANCE.NS,stock,True,5
2023-02-16,1106.32,1071.81,34.51,1175.35,1074.84,sma_exit,-0.912,7,,RELIANCE.NS,stock,True,3
2023-04-06,1066.28,1029.36,36.92,1140.12,1104.89,sma_exit,1.046,27,,RELIANCE.NS,stock,True,1
2023-05-30,1148.44,1120.95,27.49,1203.43,1121.16,sma_exit,-0.992,1,,RELIANCE.NS,stock,True,5
2023-06-07,1129.24,1120.66,8.58,1146.4,1146.4,target,2.0,5,,RELIANCE.NS,stock,True,1
2023-07-03,1160.54,1148.92,11.62,1183.78,1183.78,target,2.0,3,,RELIANCE.NS,stock,True,1
2023-08-11,1275.0,1261.83,13.17,1301.34,1260.0,sma_exit,-1.139,5,,RELIANCE.NS,stock,True,2
2023-10-17,1177.28,1168.47,8.81,1194.9,1162.0,sma_exit,-1.734,1,,RELIANCE.NS,stock,True,3
2023-11-06,1167.48,1154.51,12.97,1193.41,1193.41,target,2.0,11,,RELIANCE.NS,stock,True,1
2024-01-29,1364.15,1346.08,18.07,1400.29,1400.29,target,2.0,1,,RELIANCE.NS,stock,True,5
2024-03-04,1500.45,1475.49,24.96,1550.36,1478.93,sma_exit,-0.862,3,,RELIANCE.NS,stock,True,1
2024-06-28,1537.5,1468.17,69.33,1676.17,1555.15,sma_exit,0.255,14,,RELIANCE.NS,stock,True,4
2024-08-21,1503.93,1483.41,20.52,1544.98,1492.98,sma_exit,-0.534,11,,RELIANCE.NS,stock,True,3
2024-09-26,1501.5,1480.38,21.12,1543.75,1479.0,sma_exit,-1.065,2,,RELIANCE.NS,stock,True,4
2024-12-02,1303.85,1279.19,24.66,1353.16,1278.2,sma_exit,-1.04,7,,RELIANCE.NS,stock,True,1
2025-03-12,1258.0,1216.27,41.73,1341.47,1252.6,sma_exit,-0.129,12,,RELIANCE.NS,stock,True,2
2025-04-22,1300.9,1247.99,52.91,1406.72,1406.72,target,2.0,5,,RELIANCE.NS,stock,True,4
2025-06-09,1451.5,1429.29,22.21,1495.91,1427.9,sma_exit,-1.063,4,,RELIANCE.NS,stock,True,2
2025-06-20,1448.0,1432.47,15.53,1479.06,1479.06,target,2.0,4,,RELIANCE.NS,stock,True,3
2025-08-21,1424.9,1395.25,29.65,1484.2,1384.9,sma_exit,-1.349,3,,RELIANCE.NS,stock,True,3
2025-09-16,1400.8,1384.25,16.55,1433.9,1383.0,sma_exit,-1.076,6,,RELIANCE.NS,stock,True,3
2025-10-20,1423.3,1383.09,40.21,1503.71,1503.71,target,2.0,6,,RELIANCE.NS,stock,True,3
2025-12-23,1577.5,1550.23,27.27,1632.03,1545.6,sma_exit,-1.17,3,,RELIANCE.NS,stock,True,4
2026-01-02,1592.5,1555.97,36.53,1665.57,1507.6,sma_exit,-2.324,2,,RELIANCE.NS,stock,True,1
2026-02-09,1464.0,1414.9,49.1,1562.2,1409.5,sma_exit,-1.11,8,,RELIANCE.NS,stock,True,2
2026-03-24,1415.6,1395.19,20.41,1456.42,1348.1,sma_exit,-3.307,2,,RELIANCE.NS,stock,True,4
2026-04-29,1395.2,1349.18,46.02,1487.23,1388.2,sma_exit,-0.152,7,,RELIANCE.NS,stock,True,5
2026-06-19,1334.0,1306.88,27.12,1388.23,1301.0,sma_exit,-1.217,5,,RELIANCE.NS,stock,False,3
2026-08-03,1309.7,1294.76,14.94,1339.58,1290.6,sma_exit,-1.279,1,,RELIANCE.NS,stock,True,1
2022-12-12,817.43,806.35,11.08,839.6,808.8,sma_exit,-0.779,7,8.0,HDFCBANK.NS,stock,True,2
2023-01-20,825.0,807.36,17.64,860.29,807.9,sma_exit,-0.969,4,,HDFCBANK.NS,stock,True,3
2023-04-03,806.48,790.15,16.33,839.14,839.14,target,2.0,5,,HDFCBANK.NS,stock,True,1
2023-06-22,818.63,804.85,13.78,846.19,846.19,target,2.0,5,,HDFCBANK.NS,stock,True,4
2023-09-08,807.0,793.72,13.28,833.56,833.56,target,2.0,5,,HDFCBANK.NS,stock,True,2
2023-11-21,759.5,745.72,13.78,787.05,787.05,target,2.0,8,,HDFCBANK.NS,stock,True,3
2024-03-04,718.0,708.51,9.49,736.98,715.53,sma_exit,-0.26,11,,HDFCBANK.NS,stock,True,1
2024-04-02,736.9,724.03,12.87,762.63,762.63,target,2.0,2,,HDFCBANK.NS,stock,True,1
2024-05-03,769.75,760.65,9.1,787.94,753.08,sma_exit,-1.833,2,,HDFCBANK.NS,stock,True,1
2024-05-27,759.95,740.26,19.69,799.33,799.33,target,2.0,5,,HDFCBANK.NS,stock,True,4
2024-06-07,782.73,753.05,29.68,842.09,842.09,target,2.0,11,,HDFCBANK.NS,stock,True,1
2024-08-09,826.65,811.37,15.28,857.21,801.6,sma_exit,-1.639,2,,HDFCBANK.NS,stock,True,2
2024-08-30,823.7,815.62,8.08,839.85,813.48,sma_exit,-1.266,1,,HDFCBANK.NS,stock,True,5
2024-09-05,822.4,816.57,5.83,834.06,834.06,target,2.0,5,,HDFCBANK.NS,stock,True,1
2024-10-23,870.0,843.67,26.33,922.67,859.1,sma_exit,-0.414,14,,HDFCBANK.NS,stock,True,4
2024-11-25,879.5,868.5,11.0,901.5,901.5,target,2.0,1,,HDFCBANK.NS,stock,True,4
2025-01-30,840.58,830.14,10.44,861.46,861.46,target,2.0,4,,HDFCBANK.NS,stock,True,5
2025-03-17,860.4,850.16,10.24,880.89,880.89,target,2.0,3,,HDFCBANK.NS,stock,True,3
2025-04-16,938.4,899.53,38.87,1016.13,944.85,sma_exit,0.166,15,,HDFCBANK.NS,stock,True,3
2025-05-19,971.9,962.8,9.1,990.1,957.45,sma_exit,-1.588,1,,HDFCBANK.NS,stock,True,3
2025-06-06,979.45,966.71,12.74,1004.93,958.8,sma_exit,-1.621,5,,HDFCBANK.NS,stock,True,1
2025-07-23,1009.0,997.69,11.31,1031.62,996.0,sma_exit,-1.15,8,,HDFCBANK.NS,stock,True,4
2025-09-18,974.4,963.81,10.59,995.59,957.2,sma_exit,-1.623,3,,HDFCBANK.NS,stock,True,3
2025-12-01,1016.8,995.08,21.72,1060.24,989.8,sma_exit,-1.243,1,,HDFCBANK.NS,stock,True,1
2026-06-17,793.5,759.55,33.95,861.41,777.6,sma_exit,-0.468,22,,HDFCBANK.NS,stock,True,3
2023-02-16,873.25,854.24,19.01,911.26,852.1,sma_exit,-1.113,2,6.0,ICICIBANK.NS,stock,True,3
2023-03-23,862.55,848.84,13.71,889.97,889.97,target,2.0,8,,ICICIBANK.NS,stock,True,4
2023-07-03,944.0,933.57,10.43,964.87,964.87,target,2.0,9,,ICICIBANK.NS,stock,True,1
2023-08-28,972.6,964.59,8.01,988.61,958.5,sma_exit,-1.761,2,,ICICIBANK.NS,stock,True,4
2023-09-05,969.05,961.18,7.87,984.79,957.5,sma_exit,-1.467,1,,ICICIBANK.NS,stock,True,1
2023-09-11,975.0,963.35,11.65,998.29,959.3,sma_exit,-1.348,7,,ICICIBANK.NS,stock,True,2
2023-11-07,947.75,932.9,14.85,977.46,921.85,sma_exit,-1.744,8,,ICICIBANK.NS,stock,True,1
2023-12-01,940.85,933.61,7.24,955.33,955.33,target,2.0,1,,ICICIBANK.NS,stock,True,1
2024-01-16,1011.65,995.19,16.46,1044.57,981.75,sma_exit,-1.817,1,,ICICIBANK.NS,stock,True,3
2024-01-23,1014.7,995.36,19.34,1053.37,989.3,sma_exit,-1.314,11,,ICICIBANK.NS,stock,True,4
2024-02-19,1035.7,1017.45,18.25,1072.21,1072.21,target,2.0,9,,ICICIBANK.NS,stock,True,3
2024-04-10,1115.25,1087.24,28.01,1171.27,1078.35,sma_exit,-1.317,2,,ICICIBANK.NS,stock,True,2
2024-04-25,1100.0,1087.62,12.38,1124.77,1124.77,target,2.0,2,,ICICIBANK.NS,stock,True,4
2024-06-21,1165.55,1121.84,43.71,1252.96,1252.96,target,2.0,14,,ICICIBANK.NS,stock,True,3
2024-08-26,1205.0,1183.21,21.79,1248.58,1248.58,target,2.0,6,,ICICIBANK.NS,stock,True,4
2024-10-28,1268.9,1249.03,19.87,1308.63,1308.63,target,2.0,1,,ICICIBANK.NS,stock,True,4
2025-01-30,1255.8,1236.71,19.09,1293.99,1251.15,sma_exit,-0.244,13,,ICICIBANK.NS,stock,True,5
2025-03-13,1251.95,1229.28,22.67,1297.3,1297.3,target,2.0,2,,ICICIBANK.NS,stock,True,2
2025-04-17,1359.7,1334.18,25.52,1410.73,1410.73,target,2.0,1,,ICICIBANK.NS,stock,True,3
2025-05-15,1447.9,1425.17,22.73,1493.36,1437.9,sma_exit,-0.44,13,,ICICIBANK.NS,stock,True,3
2025-06-09,1461.4,1447.8,13.6,1488.6,1422.9,sma_exit,-2.831,1,,ICICIBANK.NS,stock,False,2
2025-07-08,1440.9,1430.03,10.87,1462.64,1424.1,sma_exit,-1.545,2,,ICICIBANK.NS,stock,True,2
2025-07-23,1482.0,1437.92,44.08,1570.16,1444.4,sma_exit,-0.853,9,,ICICIBANK.NS,stock,True,4
2025-09-18,1426.8,1409.37,17.43,1461.66,1402.2,sma_exit,-1.412,1,,ICICIBANK.NS,stock,True,3
2025-10-16,1400.4,1377.36,23.04,1446.48,1363.7,sma_exit,-1.593,4,,ICICIBANK.NS,stock,True,3
2025-11-17,1381.2,1360.67,20.53,1422.27,1357.8,sma_exit,-1.14,6,,ICICIBANK.NS,stock,True,3
2025-11-28,1394.0,1366.37,27.63,1449.27,1375.2,sma_exit,-0.68,7,,ICICIBANK.NS,stock,True,4
2026-01-07,1413.6,1363.04,50.56,1514.72,1380.6,sma_exit,-0.653,7,,ICICIBANK.NS,stock,True,1
2026-02-05,1414.0,1379.05,34.95,1483.9,1388.8,sma_exit,-0.721,10,,ICICIBANK.NS,stock,True,1
2026-04-10,1308.0,1255.13,52.87,1413.74,1292.0,sma_exit,-0.303,11,,ICICIBANK.NS,stock,True,2
2026-05-26,1293.5,1258.27,35.23,1363.97,1256.4,sma_exit,-1.053,2,,ICICIBANK.NS,stock,True,4
2026-06-11,1306.0,1260.77,45.23,1396.46,1396.46,target,2.0,10,,ICICIBANK.NS,stock,True,2
2022-12-05,609.6,604.23,5.37,620.34,620.34,target,2.0,7,5.0,SBIN.NS,stock,True,1
2023-04-11,530.4,520.64,9.76,549.92,549.92,target,2.0,8,,SBIN.NS,stock,True,2
2023-06-05,588.9,582.72,6.18,601.26,578.7,sma_exit,-1.65,4,,SBIN.NS,stock,True,1
2023-07-04,586.3,572.15,14.15,614.61,614.61,target,2.0,13,,SBIN.NS,stock,True,1
2023-09-07,578.25,570.93,7.32,592.88,592.88,target,2.0,3,,SBIN.NS,stock,True,1
2023-11-06,579.5,569.37,10.13,599.76,563.05,sma_exit,-1.624,9,,SBIN.NS,stock,True,1
2023-12-05,596.0,573.88,22.12,640.23,640.23,target,2.0,8,,SBIN.NS,stock,True,1
2024-02-02,652.95,628.61,24.34,701.62,701.62,target,2.0,4,,SBIN.NS,stock,True,1
2024-04-03,768.75,751.61,17.14,803.03,751.7,sma_exit,-0.995,8,,SBIN.NS,stock,True,1
2024-04-24,777.7,761.11,16.59,810.88,810.88,target,2.0,1,,SBIN.NS,stock,True,4
2024-06-28,848.8,832.9,15.9,880.6,826.15,sma_exit,-1.425,2,,SBIN.NS,stock,True,4
2024-07-09,865.0,844.36,20.64,906.27,852.0,sma_exit,-0.63,10,,SBIN.NS,stock,True,2
2024-09-02,820.7,813.56,7.14,834.98,782.5,sma_exit,-5.349,4,,SBIN.NS,stock,True,1
2024-09-27,804.25,792.36,11.89,828.04,788.0,sma_exit,-1.366,1,,SBIN.NS,stock,True,4
2024-10-04,804.0,790.89,13.11,830.21,770.65,sma_exit,-2.545,1,,SBIN.NS,stock,True,1
2024-10-14,804.45,793.85,10.6,825.65,825.65,target,2.0,5,,SBIN.NS,stock,True,2
2024-11-04,833.0,807.1,25.9,884.79,808.65,sma_exit,-0.94,7,,SBIN.NS,stock,True,1
2025-03-10,736.75,720.6,16.15,769.04,769.04,target,2.0,9,,SBIN.NS,stock,True,2
2025-05-30,801.35,792.56,8.79,818.93,818.93,target,2.0,1,,SBIN.NS,stock,True,5
2025-07-01,821.0,802.79,18.21,857.42,815.0,sma_exit,-0.329,15,,SBIN.NS,stock,True,1
2025-08-14,825.5,808.32,17.18,859.86,807.85,sma_exit,-1.027,7,,SBIN.NS,stock,True,2
2025-09-12,825.7,813.96,11.74,849.19,849.19,target,2.0,3,,SBIN.NS,stock,True,2
2025-12-19,981.45,967.27,14.18,1009.82,965.05,sma_exit,-1.156,5,,SBIN.NS,stock,True,3
2026-01-01,985.65,969.49,16.16,1017.96,1017.96,target,2.0,3,,SBIN.NS,stock,True,1
2026-02-05,1073.9,1044.91,28.99,1131.88,1131.88,target,2.0,2,,SBIN.NS,stock,True,1
2026-04-15,1067.25,1042.62,24.63,1116.52,1116.52,target,2.0,3,,SBIN.NS,stock,True,3
2026-06-05,985.8,963.08,22.72,1031.24,1031.24,target,2.0,6,,SBIN.NS,stock,False,1
2026-07-21,1065.0,1036.7,28.3,1121.6,1025.0,sma_exit,-1.413,1,,SBIN.NS,stock,True,3
2022-11-24,877.8,866.13,11.67,901.14,901.14,target,2.0,3,6.0,AXISBANK.NS,stock,True,4
2023-03-23,859.8,847.28,12.52,884.83,839.9,sma_exit,-1.59,1,,AXISBANK.NS,stock,True,4
2023-04-05,866.8,844.39,22.41,911.62,860.0,sma_exit,-0.303,15,,AXISBANK.NS,stock,True,1
2023-05-10,890.2,872.56,17.64,925.48,925.48,target,2.0,6,,AXISBANK.NS,stock,True,2
2023-06-30,984.0,972.75,11.25,1006.5,971.1,sma_exit,-1.147,2,,AXISBANK.NS,stock,True,5
2023-08-23,958.85,948.34,10.51,979.87,979.87,target,2.0,1,,AXISBANK.NS,stock,True,4
2023-09-11,987.3,974.01,13.29,1013.87,1013.87,target,2.0,2,,AXISBANK.NS,stock,True,2
2023-11-08,1022.2,990.71,31.49,1085.19,994.35,sma_exit,-0.884,7,,AXISBANK.NS,stock,True,2
2024-01-08,1139.9,1109.1,30.8,1201.49,1107.0,sma_exit,-1.068,2,,AXISBANK.NS,stock,True,2
2024-01-15,1129.45,1109.21,20.24,1169.93,1082.3,sma_exit,-2.329,2,,AXISBANK.NS,stock,True,3
2024-01-23,1126.45,1110.5,15.95,1158.34,1059.15,sma_exit,-4.22,1,,AXISBANK.NS,stock,False,4
2024-04-26,1133.95,1066.45,67.5,1268.95,1126.0,sma_exit,-0.118,17,,AXISBANK.NS,stock,True,4
2024-05-27,1177.0,1140.24,36.76,1250.52,1131.25,sma_exit,-1.245,6,,AXISBANK.NS,stock,True,4
2024-06-10,1195.9,1165.83,30.07,1256.04,1256.04,target,2.0,10,,AXISBANK.NS,stock,True,2
2024-08-22,1178.0,1157.0,21.0,1219.99,1158.75,sma_exit,-0.917,11,,AXISBANK.NS,stock,False,4
2024-09-12,1194.85,1177.58,17.27,1229.4,1229.4,target,2.0,2,,AXISBANK.NS,stock,True,2
2024-12-05,1168.0,1147.46,20.54,1209.08,1147.25,sma_exit,-1.01,4,,AXISBANK.NS,stock,True,1
2025-02-07,1022.05,988.51,33.54,1089.13,992.95,sma_exit,-0.868,6,,AXISBANK.NS,stock,True,1
2025-02-21,1019.65,1004.89,14.76,1049.16,1007.25,sma_exit,-0.84,5,,AXISBANK.NS,stock,True,3
2025-03-07,1039.5,1010.62,28.88,1097.25,1011.2,sma_exit,-0.98,3,,AXISBANK.NS,stock,True,1
2025-03-19,1054.25,1021.51,32.74,1119.73,1119.73,target,2.0,4,,AXISBANK.NS,stock,True,3
2025-04-17,1163.5,1095.0,68.5,1300.5,1161.3,sma_exit,-0.032,12,,AXISBANK.NS,stock,True,3
2025-05-15,1214.8,1188.21,26.59,1267.98,1192.2,sma_exit,-0.85,11,,AXISBANK.NS,stock,True,3
2025-06-11,1235.9,1198.83,37.07,1310.03,1199.2,sma_exit,-0.99,13,,AXISBANK.NS,stock,True,2
2025-09-12,1093.0,1065.53,27.47,1147.93,1147.93,target,2.0,7,,AXISBANK.NS,stock,True,2
2025-11-18,1261.0,1237.54,23.46,1307.91,1272.7,sma_exit,0.499,17,,AXISBANK.NS,stock,True,3
2026-01-02,1279.2,1250.03,29.17,1337.53,1258.0,sma_exit,-0.727,14,,AXISBANK.NS,stock,True,1
2026-01-30,1369.4,1298.42,70.98,1511.37,1351.3,sma_exit,-0.255,23,,AXISBANK.NS,stock,True,5
2026-04-08,1255.5,1220.32,35.18,1325.86,1325.86,target,2.0,1,,AXISBANK.NS,stock,True,2
2026-05-26,1314.5,1267.83,46.67,1407.83,1251.1,sma_exit,-1.359,4,,AXISBANK.NS,stock,True,4
2023-02-13,356.0,352.05,3.95,363.89,351.85,sma_exit,-1.052,4,2.0,KOTAKBANK.NS,stock,True,2
2023-04-03,348.13,339.88,8.25,364.64,364.64,target,2.0,4,,KOTAKBANK.NS,stock,True,1
2023-05-30,394.66,388.8,5.86,406.37,406.37,target,2.0,1,,KOTAKBANK.NS,stock,True,5
2023-07-06,373.56,369.52,4.04,381.64,381.64,target,2.0,9,,KOTAKBANK.NS,stock,True,1
2023-09-11,361.0,354.84,6.16,373.33,351.14,sma_exit,-1.6,7,,KOTAKBANK.NS,stock,True,2
2023-12-01,353.2,350.71,2.49,358.18,358.18,target,2.0,1,,KOTAKBANK.NS,stock,False,1
2023-12-06,367.4,353.22,14.18,395.76,372.72,sma_exit,0.375,20,,KOTAKBANK.NS,stock,True,1
2024-01-31,367.89,362.42,5.47,378.83,361.67,sma_exit,-1.138,3,,KOTAKBANK.NS,stock,True,5
2024-03-11,352.98,345.35,7.63,368.25,344.07,sma_exit,-1.167,1,,KOTAKBANK.NS,stock,False,2
2024-04-10,360.37,353.39,6.98,374.32,328.49,sma_exit,-4.57,9,,KOTAKBANK.NS,stock,True,2
2024-05-21,341.13,328.08,13.05,367.23,327.59,sma_exit,-1.038,10,,KOTAKBANK.NS,stock,True,3
2024-06-07,347.7,339.58,8.12,363.94,363.94,target,2.0,13,,KOTAKBANK.NS,stock,True,1
2024-08-21,362.61,356.79,5.82,374.26,355.45,sma_exit,-1.229,6,,KOTAKBANK.NS,stock,True,3
2024-09-16,367.4,359.39,8.01,383.43,383.43,target,2.0,4,,KOTAKBANK.NS,stock,True,3
2024-10-14,378.72,373.04,5.69,390.09,372.81,sma_exit,-1.04,3,,KOTAKBANK.NS,stock,True,2
2024-11-26,358.92,348.18,10.74,380.39,352.42,sma_exit,-0.605,17,,KOTAKBANK.NS,stock,True,4
2025-01-02,359.35,355.37,3.98,367.3,367.3,target,2.0,1,,KOTAKBANK.NS,stock,True,1
2025-01-20,362.99,357.04,5.95,374.89,374.89,target,2.0,1,,KOTAKBANK.NS,stock,True,3
2025-01-23,384.19,362.07,22.12,428.44,380.59,sma_exit,-0.163,26,,KOTAKBANK.NS,stock,True,4
2025-03-17,398.67,389.85,8.82,416.32,416.32,target,2.0,4,,KOTAKBANK.NS,stock,True,3
2025-04-16,429.4,422.14,7.26,443.92,443.92,target,2.0,2,,KOTAKBANK.NS,stock,True,3
2025-07-10,446.82,435.37,11.45,469.72,435.88,sma_exit,-0.955,4,,KOTAKBANK.NS,stock,True,2
2025-08-21,404.84,397.61,7.23,419.31,397.32,sma_exit,-1.04,1,,KOTAKBANK.NS,stock,False,3
2025-10-06,421.6,404.99,16.61,454.81,429.72,sma_exit,0.489,14,,KOTAKBANK.NS,stock,True,1
2025-11-28,426.1,418.57,7.53,441.16,429.94,sma_exit,0.51,16,,KOTAKBANK.NS,stock,True,4
2025-12-29,435.64,431.58,4.06,443.77,430.54,sma_exit,-1.255,1,,KOTAKBANK.NS,stock,True,5
2026-01-02,444.18,433.78,10.4,464.97,429.28,sma_exit,-1.433,2,,KOTAKBANK.NS,stock,True,1
2026-02-24,431.8,421.21,10.59,452.98,415.2,sma_exit,-1.568,3,,KOTAKBANK.NS,stock,True,4
2026-04-10,378.7,366.63,12.07,402.83,370.4,sma_exit,-0.688,8,,KOTAKBANK.NS,stock,True,2
2026-04-29,383.25,374.52,8.73,400.71,371.65,sma_exit,-1.329,2,,KOTAKBANK.NS,stock,True,5
2026-05-15,385.0,378.06,6.94,398.88,377.4,sma_exit,-1.095,10,,KOTAKBANK.NS,stock,True,3
2026-06-12,399.9,384.69,15.21,430.31,392.25,sma_exit,-0.503,11,,KOTAKBANK.NS,stock,True,2
2026-07-29,388.75,381.89,6.86,402.47,394.75,timeout,0.875,4,,KOTAKBANK.NS,stock,True,5
2022-11-15,1591.4,1530.38,61.02,1713.43,1605.5,sma_exit,0.231,16,3.0,INFY.NS,stock,True,3
2023-01-17,1528.0,1499.44,28.56,1585.11,1585.11,target,2.0,11,,INFY.NS,stock,True,3
2023-04-10,1428.4,1405.45,22.95,1474.31,1389.2,sma_exit,-1.708,3,,INFY.NS,stock,True,2
2023-05-23,1295.6,1264.24,31.36,1358.31,1279.0,sma_exit,-0.529,10,,INFY.NS,stock,True,4
2023-07-03,1338.9,1292.93,45.97,1430.85,1430.85,target,2.0,10,,INFY.NS,stock,True,1
2023-08-17,1419.95,1371.91,48.04,1516.03,1516.03,target,2.0,21,,INFY.NS,stock,True,3
2023-12-18,1588.55,1475.64,112.91,1814.36,1490.0,sma_exit,-0.873,11,,INFY.NS,stock,True,3
2024-02-19,1709.0,1680.24,28.76,1766.52,1655.55,sma_exit,-1.858,2,,INFY.NS,stock,True,3
2024-05-22,1457.0,1431.85,25.15,1507.31,1427.45,sma_exit,-1.175,6,,INFY.NS,stock,True,4
2024-08-19,1861.85,1821.02,40.83,1943.51,1943.51,target,2.0,7,,INFY.NS,stock,True,3
2024-10-08,1942.0,1914.62,27.38,1996.76,1879.6,sma_exit,-2.279,8,,INFY.NS,stock,True,2
2024-11-22,1867.0,1824.1,42.9,1952.81,1952.81,target,2.0,12,,INFY.NS,stock,True,4
2025-02-06,1919.7,1866.88,52.82,2025.34,1863.15,sma_exit,-1.071,4,,INFY.NS,stock,True,1
2025-04-29,1489.6,1455.67,33.93,1557.47,1557.47,target,2.0,8,,INFY.NS,stock,True,5
2025-06-11,1607.5,1568.78,38.72,1684.94,1584.0,sma_exit,-0.607,8,,INFY.NS,stock,True,2
2025-06-27,1624.0,1601.24,22.76,1669.52,1601.8,sma_exit,-0.975,1,,INFY.NS,stock,True,4
2025-07-04,1632.4,1614.59,17.81,1668.02,1615.8,sma_exit,-0.932,4,,INFY.NS,stock,True,1
2025-08-25,1508.0,1463.87,44.13,1596.26,1463.0,sma_exit,-1.02,7,,INFY.NS,stock,True,4
2025-09-12,1534.9,1491.19,43.71,1622.32,1497.5,sma_exit,-0.856,7,,INFY.NS,stock,True,2
2025-10-10,1514.0,1487.19,26.81,1567.61,1474.4,sma_exit,-1.477,3,,INFY.NS,stock,True,2
2025-11-12,1533.4,1493.52,39.88,1613.16,1486.4,sma_exit,-1.179,4,,INFY.NS,stock,True,2
2025-11-24,1555.0,1510.45,44.55,1644.1,1644.1,target,2.0,19,,INFY.NS,stock,True,4
2026-04-06,1305.4,1269.15,36.25,1377.9,1276.8,sma_exit,-0.789,5,,INFY.NS,stock,True,1
2026-06-02,1217.0,1167.52,49.48,1315.96,1145.3,sma_exit,-1.449,6,,INFY.NS,stock,True,1
2026-07-10,1079.7,1060.29,19.41,1118.51,1052.1,sma_exit,-1.422,8,,INFY.NS,stock,False,2
2026-07-29,1118.5,1077.46,41.04,1200.58,1158.0,timeout,0.963,4,,INFY.NS,stock,True,5
2023-01-05,3327.35,3274.38,52.97,3433.28,3211.55,sma_exit,-2.186,1,5.0,TCS.NS,stock,True,1
2023-02-03,3469.0,3388.78,80.22,3629.44,3451.0,sma_exit,-0.224,12,,TCS.NS,stock,True,1
2023-04-10,3264.35,3177.25,87.1,3438.56,3139.0,sma_exit,-1.439,4,,TCS.NS,stock,True,2
2023-05-08,3244.0,3184.82,59.18,3362.36,3208.7,sma_exit,-0.596,7,,TCS.NS,stock,True,2
2023-05-26,3327.95,3259.69,68.26,3464.46,3232.3,sma_exit,-1.401,7,,TCS.NS,stock,True,4
2023-07-05,3317.85,3239.03,78.82,3475.49,3475.49,target,2.0,7,,TCS.NS,stock,True,1
2023-08-04,3460.0,3415.16,44.84,3549.68,3425.9,sma_exit,-0.76,8,,TCS.NS,stock,True,1
2023-09-07,3447.0,3402.65,44.35,3535.7,3535.7,target,2.0,3,,TCS.NS,stock,True,1
2023-10-09,3634.95,3579.24,55.71,3746.37,3542.55,sma_exit,-1.659,3,,TCS.NS,stock,True,2
2023-11-20,3529.35,3383.49,145.86,3821.07,3821.07,target,2.0,18,,TCS.NS,stock,True,3
2024-02-05,3984.4,3856.06,128.34,4241.09,3991.5,sma_exit,0.055,12,,TCS.NS,stock,True,1
2024-03-12,4153.0,4083.04,69.96,4292.92,3977.3,sma_exit,-2.511,5,,TCS.NS,stock,True,2
2024-04-15,4013.35,3953.11,60.24,4133.83,3872.8,sma_exit,-2.333,1,,TCS.NS,stock,False,3
2024-06-26,3857.0,3807.67,49.33,3955.65,3955.65,target,2.0,2,,TCS.NS,stock,True,4
2024-08-19,4427.0,4297.25,129.75,4686.51,4456.75,sma_exit,0.229,14,,TCS.NS,stock,True,3
2024-11-11,4205.8,4070.79,135.01,4475.82,4019.5,sma_exit,-1.38,4,,TCS.NS,stock,True,2
2024-11-26,4328.1,4119.28,208.82,4745.74,4328.5,sma_exit,0.002,15,,TCS.NS,stock,True,4
2025-03-25,3649.75,3557.68,92.07,3833.9,3550.8,sma_exit,-1.075,4,,TCS.NS,stock,True,4
2025-06-18,3520.0,3454.78,65.22,3650.44,3424.0,sma_exit,-1.472,1,,TCS.NS,stock,False,3
2025-08-25,3130.0,3050.29,79.71,3289.41,3048.3,sma_exit,-1.025,8,,TCS.NS,stock,True,4
2025-09-12,3139.0,3091.62,47.38,3233.76,3073.8,sma_exit,-1.376,6,,TCS.NS,stock,True,2
2025-10-23,3031.8,2974.68,57.12,3146.03,3016.8,sma_exit,-0.263,7,,TCS.NS,stock,True,4
2026-04-07,2482.0,2422.25,59.75,2601.5,2601.5,target,2.0,2,,TCS.NS,stock,True,1
2026-07-16,2228.0,2098.15,129.85,2487.7,2487.7,target,2.0,10,,TCS.NS,stock,True,3
2023-01-11,1072.6,1041.15,31.45,1135.51,1135.51,target,2.0,9,1.0,HCLTECH.NS,stock,True,2
2023-05-10,1082.6,1060.73,21.87,1126.34,1126.34,target,2.0,9,,HCLTECH.NS,stock,True,2
2023-06-15,1144.95,1130.19,14.76,1174.47,1174.47,target,2.0,4,,HCLTECH.NS,stock,True,3
2023-08-08,1155.6,1133.67,21.93,1199.47,1153.0,sma_exit,-0.119,12,,HCLTECH.NS,stock,True,2
2023-09-04,1188.1,1170.78,17.32,1222.73,1222.73,target,2.0,1,,HCLTECH.NS,stock,True,1
2023-10-18,1279.3,1252.32,26.98,1333.27,1236.65,sma_exit,-1.581,3,,HCLTECH.NS,stock,True,3
2023-10-31,1274.8,1253.33,21.47,1317.74,1255.45,sma_exit,-0.901,8,,HCLTECH.NS,stock,True,5
2023-11-16,1283.0,1263.81,19.19,1321.37,1321.37,target,2.0,1,,HCLTECH.NS,stock,True,3
2024-01-12,1508.0,1463.97,44.03,1596.05,1596.05,target,2.0,1,,HCLTECH.NS,stock,True,2
2024-05-28,1360.0,1337.23,22.77,1405.53,1331.85,sma_exit,-1.236,2,,HCLTECH.NS,stock,False,4
2024-06-07,1399.8,1347.13,52.67,1505.14,1505.14,target,2.0,18,,HCLTECH.NS,stock,True,1
2024-08-19,1674.0,1611.11,62.89,1799.77,1799.77,target,2.0,10,,HCLTECH.NS,stock,True,3
2024-09-27,1808.4,1779.92,28.48,1865.36,1778.55,sma_exit,-1.048,3,,HCLTECH.NS,stock,True,4
2024-10-10,1825.0,1785.23,39.77,1904.54,1838.8,sma_exit,0.347,14,,HCLTECH.NS,stock,True,2
2024-11-12,1874.0,1830.96,43.04,1960.08,1820.55,sma_exit,-1.242,4,,HCLTECH.NS,stock,True,2
2024-11-25,1902.0,1834.68,67.32,2036.64,1840.9,sma_exit,-0.908,3,,HCLTECH.NS,stock,True,4
2024-12-04,1896.3,1864.15,32.15,1960.59,1960.59,target,2.0,7,,HCLTECH.NS,stock,True,1
2025-04-25,1603.3,1485.43,117.87,1839.04,1636.6,sma_exit,0.283,24,,HCLTECH.NS,stock,True,4
2025-06-11,1684.9,1650.1,34.8,1754.5,1711.9,sma_exit,0.776,16,,HCLTECH.NS,stock,True,2
2025-08-14,1507.5,1485.09,22.41,1552.31,1476.1,sma_exit,-1.401,2,,HCLTECH.NS,stock,False,2
2025-08-25,1505.0,1481.51,23.49,1551.99,1449.8,sma_exit,-2.349,2,,HCLTECH.NS,stock,True,4
2025-09-16,1480.0,1461.24,18.76,1517.51,1439.9,sma_exit,-2.138,4,,HCLTECH.NS,stock,True,3
2025-10-10,1491.1,1438.82,52.28,1595.67,1512.4,sma_exit,0.407,18,,HCLTECH.NS,stock,True,2
2025-11-12,1572.5,1530.58,41.92,1656.34,1656.34,target,2.0,5,,HCLTECH.NS,stock,True,2
2026-01-13,1677.2,1646.99,30.21,1737.61,1666.2,sma_exit,-0.364,12,,HCLTECH.NS,stock,True,2
2026-03-25,1394.0,1353.02,40.98,1475.96,1341.6,sma_exit,-1.279,2,,HCLTECH.NS,stock,True,4
2026-04-06,1412.8,1354.74,58.06,1528.91,1285.3,sma_exit,-2.196,11,,HCLTECH.NS,stock,True,1
2026-06-02,1212.8,1170.31,42.49,1297.79,1168.3,sma_exit,-1.047,2,,HCLTECH.NS,stock,True,1
2026-07-07,1147.9,1118.94,28.96,1205.82,1205.82,target,2.0,4,,HCLTECH.NS,stock,True,1
2022-11-28,202.2,197.21,4.99,212.18,197.03,sma_exit,-1.036,9,4.0,WIPRO.NS,stock,True,4
2023-01-11,196.95,194.44,2.51,201.97,201.97,target,2.0,6,,WIPRO.NS,stock,True,2
2023-04-25,189.3,183.47,5.83,200.96,200.96,target,2.0,19,,WIPRO.NS,stock,True,4
2023-07-04,196.95,194.14,2.81,202.56,202.56,target,2.0,8,,WIPRO.NS,stock,True,1
2023-08-08,206.5,203.79,2.71,211.92,204.4,sma_exit,-0.775,12,,WIPRO.NS,stock,True,2
2023-09-05,218.25,207.66,10.59,239.42,209.25,sma_exit,-0.85,12,,WIPRO.NS,stock,True,1
2023-11-20,199.75,192.54,7.21,214.17,214.17,target,2.0,17,,WIPRO.NS,stock,True,3
2024-02-06,244.75,238.88,5.88,256.5,256.5,target,2.0,5,,WIPRO.NS,stock,True,1
2024-05-21,232.2,229.86,2.34,236.89,226.23,sma_exit,-2.546,4,,WIPRO.NS,stock,False,3
2024-06-10,243.2,228.58,14.62,272.45,272.45,target,2.0,15,,WIPRO.NS,stock,True,2
2024-08-20,261.6,253.03,8.57,278.73,260.3,sma_exit,-0.152,13,,WIPRO.NS,stock,True,3
2024-09-16,276.25,263.92,12.33,300.92,265.08,sma_exit,-0.906,12,,WIPRO.NS,stock,True,3
2024-11-08,284.85,275.3,9.55,303.95,276.43,sma_exit,-0.881,5,,WIPRO.NS,stock,True,2
2024-11-26,293.78,281.78,12.0,317.77,317.77,target,2.0,18,,WIPRO.NS,stock,True,4
2025-01-22,305.85,296.55,9.3,324.45,324.45,target,2.0,1,,WIPRO.NS,stock,True,4
2025-05-12,245.83,242.46,3.37,252.56,252.56,target,2.0,1,,WIPRO.NS,stock,True,2
2025-06-11,255.8,249.65,6.15,268.09,268.09,target,2.0,9,,WIPRO.NS,stock,True,2
2025-08-22,252.89,245.54,7.35,267.59,244.97,sma_exit,-1.077,8,,WIPRO.NS,stock,True,4
2025-10-15,251.25,244.89,6.36,263.97,240.9,sma_exit,-1.628,2,,WIPRO.NS,stock,True,3
2025-11-24,247.8,242.52,5.28,258.36,258.36,target,2.0,8,,WIPRO.NS,stock,True,4
2026-04-07,201.18,194.22,6.96,215.1,199.36,sma_exit,-0.261,12,,WIPRO.NS,stock,True,1
2026-05-22,200.04,196.53,3.51,207.07,207.07,target,2.0,1,,WIPRO.NS,stock,True,4
2026-07-27,177.9,175.48,2.42,182.75,182.75,target,2.0,2,,WIPRO.NS,stock,True,4
2022-11-16,1074.45,1056.79,17.66,1109.77,1042.6,sma_exit,-1.803,3,3.0,TECHM.NS,stock,True,3
2022-11-28,1082.9,1057.39,25.51,1133.92,1035.3,sma_exit,-1.866,9,,TECHM.NS,stock,True,4
2023-01-18,1050.0,1014.76,35.24,1120.49,1015.0,sma_exit,-0.993,8,,TECHM.NS,stock,True,3
2023-02-20,1141.05,1040.32,100.73,1342.5,1085.15,sma_exit,-0.555,9,,TECHM.NS,stock,True,3
2023-05-11,1051.45,1026.24,25.21,1101.87,1101.87,target,2.0,7,,TECHM.NS,stock,True,2
2023-06-22,1120.7,1095.36,25.34,1171.39,1171.39,target,2.0,8,,TECHM.NS,stock,True,4
2023-08-09,1208.8,1176.25,32.55,1273.89,1189.6,sma_exit,-0.59,11,,TECHM.NS,stock,True,2
2023-09-05,1266.0,1215.74,50.26,1366.52,1229.5,sma_exit,-0.726,16,,TECHM.NS,stock,True,1
2023-11-20,1214.95,1146.17,68.78,1352.5,1216.1,sma_exit,0.017,16,,TECHM.NS,stock,True,3
2023-12-18,1324.8,1230.34,94.46,1513.72,1244.2,sma_exit,-0.853,11,,TECHM.NS,stock,True,3
2024-06-12,1381.0,1307.04,73.96,1528.92,1528.92,target,2.0,24,,TECHM.NS,stock,True,2
2024-08-19,1589.0,1521.18,67.82,1724.64,1579.2,sma_exit,-0.144,15,,TECHM.NS,stock,True,3
2024-09-16,1659.9,1628.99,30.91,1721.71,1605.4,sma_exit,-1.763,2,,TECHM.NS,stock,True,3
2024-11-22,1725.0,1675.54,49.46,1823.93,1754.35,sma_exit,0.593,19,,TECHM.NS,stock,True,4
2025-01-24,1729.5,1680.91,48.59,1826.68,1653.9,sma_exit,-1.556,1,,TECHM.NS,stock,True,4
2025-02-11,1703.75,1673.03,30.72,1765.2,1659.1,sma_exit,-1.453,3,,TECHM.NS,stock,False,2
2025-04-23,1396.0,1360.37,35.63,1467.26,1467.26,target,2.0,1,,TECHM.NS,stock,True,4
2025-06-12,1649.0,1584.64,64.36,1777.72,1671.9,sma_exit,0.356,15,,TECHM.NS,stock,True,2
2025-08-14,1518.7,1482.76,35.94,1590.59,1471.2,sma_exit,-1.321,1,,TECHM.NS,stock,False,2
2025-08-25,1532.0,1487.57,44.43,1620.86,1481.4,sma_exit,-1.139,3,,TECHM.NS,stock,True,4
2025-09-16,1531.5,1506.68,24.82,1581.13,1505.4,sma_exit,-1.052,4,,TECHM.NS,stock,True,3
2025-11-21,1464.7,1431.43,33.27,1531.23,1531.23,target,2.0,4,,TECHM.NS,stock,True,3
2026-01-06,1619.1,1602.64,16.46,1652.02,1577.9,sma_exit,-2.503,2,,TECHM.NS,stock,True,1
2026-03-24,1414.6,1354.43,60.17,1534.94,1421.5,sma_exit,0.115,18,,TECHM.NS,stock,True,4
2026-05-04,1482.0,1455.84,26.16,1534.32,1452.2,sma_exit,-1.139,1,,TECHM.NS,stock,True,1
2026-05-27,1465.8,1431.61,34.19,1534.18,1534.18,target,2.0,2,,TECHM.NS,stock,True,4
2026-07-10,1452.9,1428.44,24.46,1501.81,1501.81,target,2.0,1,,TECHM.NS,stock,True,2
2026-07-16,1524.8,1441.29,83.51,1691.81,1643.1,timeout,1.417,13,,TECHM.NS,stock,True,3
2023-01-13,2164.65,2107.87,56.78,2278.21,2278.21,target,2.0,4,4.0,LT.NS,stock,True,2
2023-02-17,2216.0,2165.25,50.75,2317.5,2159.15,sma_exit,-1.12,4,,LT.NS,stock,True,3
2023-03-17,2187.0,2156.39,30.61,2248.21,2154.0,sma_exit,-1.078,6,,LT.NS,stock,True,3
2023-04-10,2291.65,2189.64,102.01,2495.66,2213.0,sma_exit,-0.771,4,,LT.NS,stock,True,2
2023-06-06,2272.8,2219.18,53.62,2380.05,2380.05,target,2.0,9,,LT.NS,stock,True,1
2023-08-23,2685.65,2651.74,33.91,2753.47,2753.47,target,2.0,1,,LT.NS,stock,True,4
2023-08-30,2722.1,2664.34,57.76,2837.61,2837.61,target,2.0,6,,LT.NS,stock,True,5
2023-11-10,3028.7,2966.16,62.54,3153.78,3153.78,target,2.0,14,,LT.NS,stock,True,2
2024-01-09,3559.95,3486.22,73.73,3707.42,3707.42,target,2.0,13,,LT.NS,stock,True,2
2024-02-27,3491.65,3363.07,128.58,3748.82,3537.15,sma_exit,0.354,13,,LT.NS,stock,True,4
2024-03-27,3676.9,3607.67,69.23,3815.37,3815.37,target,2.0,2,,LT.NS,stock,True,4
2024-05-24,3601.65,3455.09,146.56,3894.77,3894.77,target,2.0,6,,LT.NS,stock,True,4
2024-07-09,3645.7,3605.62,40.08,3725.86,3538.05,sma_exit,-2.686,9,,LT.NS,stock,True,2
2024-07-29,3701.0,3632.18,68.82,3838.64,3838.64,target,2.0,3,,LT.NS,stock,True,5
2024-08-30,3737.0,3608.22,128.78,3994.56,3624.15,sma_exit,-0.876,4,,LT.NS,stock,True,5
2024-09-18,3705.0,3648.83,56.17,3817.33,3817.33,target,2.0,3,,LT.NS,stock,True,3
2024-11-06,3641.9,3515.72,126.18,3894.26,3526.25,sma_exit,-0.917,6,,LT.NS,stock,True,1
2025-03-20,3326.6,3233.08,93.52,3513.64,3513.64,target,2.0,2,,LT.NS,stock,True,3
2025-09-16,3607.0,3578.46,28.54,3664.08,3664.08,target,2.0,1,,LT.NS,stock,True,3
2025-11-12,3966.8,3925.33,41.47,4049.74,4049.74,target,2.0,7,,LT.NS,stock,True,2
2025-12-16,4096.0,4032.27,63.73,4223.46,4031.1,sma_exit,-1.018,2,,LT.NS,stock,True,3
2026-04-08,3737.0,3596.72,140.28,4017.57,4017.57,target,2.0,4,,LT.NS,stock,True,2
2026-05-27,4052.9,3969.25,83.65,4220.2,3953.2,sma_exit,-1.192,4,,LT.NS,stock,True,4
2026-06-16,4214.9,3992.87,222.03,4658.97,4092.6,sma_exit,-0.551,10,,LT.NS,stock,True,3
2026-07-31,3951.7,3855.66,96.04,4143.78,4001.0,timeout,0.513,2,,LT.NS,stock,True,5
2023-02-07,794.95,772.99,21.96,838.87,766.65,sma_exit,-1.289,2,7.0,BHARTIARTL.NS,stock,True,1
2023-02-16,787.15,776.78,10.37,807.88,776.8,sma_exit,-0.998,1,,BHARTIARTL.NS,stock,True,3
2023-04-06,768.0,758.86,9.14,786.29,760.0,sma_exit,-0.875,5,,BHARTIARTL.NS,stock,True,1
2023-04-21,773.75,762.46,11.29,796.34,760.25,sma_exit,-1.195,1,,BHARTIARTL.NS,stock,True,3
2023-04-27,779.9,765.6,14.3,808.5,808.5,target,2.0,17,,BHARTIARTL.NS,stock,True,4
2023-06-22,840.55,834.11,6.44,853.43,853.43,target,2.0,1,,BHARTIARTL.NS,stock,True,4
2023-07-24,891.85,879.27,12.58,917.01,875.6,sma_exit,-1.292,7,,BHARTIARTL.NS,stock,True,4
2023-09-07,882.4,865.97,16.43,915.27,915.27,target,2.0,4,,BHARTIARTL.NS,stock,True,1
2023-12-29,1041.95,1003.18,38.77,1119.49,1119.49,target,2.0,15,,BHARTIARTL.NS,stock,True,5
2024-02-21,1151.6,1136.5,15.1,1181.81,1125.75,sma_exit,-1.712,2,,BHARTIARTL.NS,stock,True,3
2024-04-15,1231.85,1219.26,12.59,1257.03,1216.45,sma_exit,-1.223,1,,BHARTIARTL.NS,stock,True,3
2024-04-22,1296.5,1228.29,68.21,1432.93,1275.45,sma_exit,-0.309,12,,BHARTIARTL.NS,stock,True,4
2024-05-17,1356.85,1310.23,46.62,1450.09,1299.7,sma_exit,-1.226,12,,BHARTIARTL.NS,stock,True,3
2024-06-10,1430.65,1368.42,62.23,1555.12,1392.35,sma_exit,-0.615,6,,BHARTIARTL.NS,stock,True,2
2024-06-25,1423.8,1398.8,25.0,1473.8,1473.8,target,2.0,1,,BHARTIARTL.NS,stock,True,4
2024-08-26,1510.0,1473.34,36.66,1583.31,1583.31,target,2.0,4,,BHARTIARTL.NS,stock,True,4
2024-11-29,1604.85,1567.19,37.66,1680.17,1578.65,sma_exit,-0.696,7,,BHARTIARTL.NS,stock,True,5
2024-12-13,1617.9,1592.34,25.56,1669.02,1669.02,target,2.0,1,,BHARTIARTL.NS,stock,True,2
2025-01-14,1625.0,1595.9,29.1,1683.2,1602.6,sma_exit,-0.77,9,,BHARTIARTL.NS,stock,True,2
2025-02-01,1639.1,1620.94,18.16,1675.42,1619.75,sma_exit,-1.066,4,,BHARTIARTL.NS,stock,True,1
2025-02-11,1700.0,1641.78,58.22,1816.43,1645.2,sma_exit,-0.941,6,,BHARTIARTL.NS,stock,True,2
2025-05-30,1867.0,1844.82,22.18,1911.36,1844.2,sma_exit,-1.028,9,,BHARTIARTL.NS,stock,True,5
2025-09-16,1925.0,1902.68,22.32,1969.63,1969.63,target,2.0,3,,BHARTIARTL.NS,stock,True,3
2025-10-13,1962.6,1926.68,35.92,2034.43,2034.43,target,2.0,5,,BHARTIARTL.NS,stock,True,2
2025-11-14,2107.0,2063.09,43.91,2194.81,2101.6,sma_exit,-0.123,10,,BHARTIARTL.NS,stock,True,2
2025-12-23,2151.7,2095.18,56.52,2264.73,2081.4,sma_exit,-1.244,3,,BHARTIARTL.NS,stock,True,4
2026-01-01,2121.0,2096.98,24.02,2169.03,2084.2,sma_exit,-1.532,4,,BHARTIARTL.NS,stock,True,1
2026-02-10,2055.2,1993.94,61.26,2177.72,1988.6,sma_exit,-1.087,7,,BHARTIARTL.NS,stock,True,2
2026-04-10,1871.5,1821.81,49.69,1970.88,1829.0,sma_exit,-0.855,7,,BHARTIARTL.NS,stock,True,2
2026-04-30,1900.4,1847.38,53.02,2006.44,1827.1,sma_exit,-1.382,1,,BHARTIARTL.NS,stock,True,5
2026-05-18,1922.9,1838.02,84.88,2092.67,1846.9,sma_exit,-0.895,6,,BHARTIARTL.NS,stock,True,3
2026-06-17,1859.2,1827.93,31.27,1921.73,1921.73,target,2.0,3,,BHARTIARTL.NS,stock,True,3
2026-07-03,1887.0,1857.25,29.75,1946.5,1946.5,target,2.0,2,,BHARTIARTL.NS,stock,True,1
2026-07-31,1963.2,1926.64,36.56,2036.31,1955.1,timeout,-0.222,2,,BHARTIARTL.NS,stock,True,5
2022-12-13,301.4,297.95,3.45,308.3,296.89,sma_exit,-1.308,2,5.0,ITC.NS,stock,True,2
2023-01-23,294.87,291.56,3.31,301.49,301.49,target,2.0,3,,ITC.NS,stock,True,4
2023-03-08,349.52,339.55,9.97,369.46,341.64,sma_exit,-0.79,3,,ITC.NS,stock,True,2
2023-04-05,342.4,339.36,3.04,348.48,348.48,target,2.0,3,,ITC.NS,stock,True,1
2023-05-24,383.98,378.87,5.11,394.2,394.2,target,2.0,2,,ITC.NS,stock,True,4
2023-07-03,411.3,407.22,4.08,419.47,419.47,target,2.0,1,,ITC.NS,stock,True,1
2023-09-12,408.62,404.9,3.72,416.06,403.25,sma_exit,-1.443,7,,ITC.NS,stock,True,2
2023-10-17,411.8,404.4,7.4,426.6,398.88,sma_exit,-1.746,3,,ITC.NS,stock,True,3
2023-11-15,399.7,395.31,4.39,408.48,396.11,sma_exit,-0.817,8,,ITC.NS,stock,True,3
2023-12-05,415.35,400.43,14.92,445.19,423.64,sma_exit,0.556,31,,ITC.NS,stock,True,1
2024-03-07,381.34,377.48,3.86,389.07,373.49,sma_exit,-2.032,2,,ITC.NS,stock,True,1
2024-03-15,392.93,379.51,13.42,419.77,378.2,sma_exit,-1.098,2,,ITC.NS,stock,True,3
2024-03-22,389.7,381.72,7.98,405.67,386.79,sma_exit,-0.364,15,,ITC.NS,stock,True,4
2024-06-07,411.44,400.55,10.89,433.23,398.23,sma_exit,-1.212,7,,ITC.NS,stock,True,1
2024-07-05,405.61,401.52,4.09,413.8,413.8,target,2.0,1,,ITC.NS,stock,True,1
2024-08-19,473.95,464.09,9.86,493.67,471.6,sma_exit,-0.238,14,,ITC.NS,stock,True,3
2024-09-11,484.1,475.48,8.62,501.33,477.28,sma_exit,-0.791,4,,ITC.NS,stock,True,2
2024-09-26,488.28,481.65,6.63,501.55,481.98,sma_exit,-0.95,4,,ITC.NS,stock,True,4
2024-11-04,463.42,458.08,5.34,474.1,451.39,sma_exit,-2.252,1,,ITC.NS,stock,False,1
2024-11-28,451.29,446.58,4.71,460.72,444.2,sma_exit,-1.504,3,,ITC.NS,stock,False,4
2024-12-26,451.43,441.42,10.01,471.45,442.65,sma_exit,-0.877,7,,ITC.NS,stock,True,4
2025-03-12,408.4,403.74,4.66,417.72,403.05,sma_exit,-1.148,4,,ITC.NS,stock,True,2
2025-04-11,419.05,409.34,9.71,438.47,438.47,target,2.0,13,,ITC.NS,stock,True,2
2025-05-19,436.2,430.75,5.45,447.09,426.1,sma_exit,-1.854,3,,ITC.NS,stock,True,3
2025-05-27,443.55,432.85,10.7,464.94,420.2,sma_exit,-2.183,1,,ITC.NS,stock,True,4
2025-07-10,420.3,416.19,4.11,428.52,416.0,sma_exit,-1.047,8,,ITC.NS,stock,False,2
2025-09-10,410.95,407.13,3.82,418.59,406.95,sma_exit,-1.047,8,,ITC.NS,stock,True,2
2025-10-20,413.85,403.01,10.84,435.53,408.9,sma_exit,-0.457,10,,ITC.NS,stock,True,3
2025-12-24,408.9,402.51,6.39,421.69,400.6,sma_exit,-1.298,3,,ITC.NS,stock,True,4
2026-02-19,332.95,319.34,13.61,360.18,319.75,sma_exit,-0.97,4,,ITC.NS,stock,True,3
2026-04-10,304.4,297.99,6.41,317.21,317.21,target,2.0,12,,ITC.NS,stock,True,2
2026-05-19,312.3,307.92,4.38,321.06,307.55,sma_exit,-1.084,1,,ITC.NS,stock,True,3
2026-06-19,292.35,285.89,6.46,305.28,288.25,sma_exit,-0.634,10,,ITC.NS,stock,True,3
2026-07-28,287.9,282.39,5.51,298.92,281.0,sma_exit,-1.253,3,,ITC.NS,stock,True,4
2023-01-17,2627.95,2593.39,34.56,2697.07,2548.75,sma_exit,-2.292,3,5.0,HINDUNILVR.NS,stock,True,3
2023-01-27,2642.0,2605.24,36.76,2715.53,2568.15,sma_exit,-2.009,1,,HINDUNILVR.NS,stock,True,4
2023-03-27,2500.05,2467.44,32.61,2565.26,2565.26,target,2.0,3,,HINDUNILVR.NS,stock,True,4
2023-05-10,2525.0,2504.56,20.44,2565.87,2565.87,target,2.0,1,,HINDUNILVR.NS,stock,True,2
2023-06-15,2702.1,2667.16,34.94,2771.98,2677.0,sma_exit,-0.718,3,,HINDUNILVR.NS,stock,True,3
2023-07-04,2705.8,2672.98,32.82,2771.43,2657.1,sma_exit,-1.484,4,,HINDUNILVR.NS,stock,True,1
2023-08-22,2574.9,2553.12,21.78,2618.47,2552.0,sma_exit,-1.051,4,,HINDUNILVR.NS,stock,False,4
2023-11-20,2533.5,2491.59,41.91,2617.32,2617.32,target,2.0,10,,HINDUNILVR.NS,stock,True,3
2023-12-20,2566.95,2535.83,31.12,2629.18,2629.18,target,2.0,5,,HINDUNILVR.NS,stock,True,3
2024-02-29,2425.0,2400.59,24.41,2473.82,2389.85,sma_exit,-1.44,7,,HINDUNILVR.NS,stock,False,5
2024-06-05,2510.05,2374.59,135.46,2780.97,2457.0,sma_exit,-0.392,9,,HINDUNILVR.NS,stock,True,1
2024-07-05,2536.85,2484.32,52.53,2641.92,2641.92,target,2.0,7,,HINDUNILVR.NS,stock,True,1
2024-08-21,2759.75,2731.3,28.45,2816.65,2816.65,target,2.0,2,,HINDUNILVR.NS,stock,True,3
2024-12-03,2490.5,2461.66,28.84,2548.19,2400.75,sma_exit,-3.112,4,,HINDUNILVR.NS,stock,False,1
2025-01-06,2414.6,2356.23,58.37,2531.34,2367.95,sma_exit,-0.799,6,,HINDUNILVR.NS,stock,True,1
2025-01-30,2407.0,2380.73,26.27,2459.55,2459.55,target,2.0,1,,HINDUNILVR.NS,stock,True,5
2025-03-24,2255.2,2209.59,45.61,2346.43,2346.43,target,2.0,11,,HINDUNILVR.NS,stock,True,4
2025-05-19,2387.0,2354.94,32.06,2451.12,2341.1,sma_exit,-1.432,1,,HINDUNILVR.NS,stock,True,3
2025-05-27,2397.3,2360.8,36.5,2470.3,2362.0,sma_exit,-0.967,1,,HINDUNILVR.NS,stock,True,4
2025-07-07,2341.4,2309.46,31.94,2405.28,2405.28,target,2.0,1,,HINDUNILVR.NS,stock,True,1
2025-08-20,2615.0,2515.2,99.8,2814.6,2622.0,sma_exit,0.07,15,,HINDUNILVR.NS,stock,True,3
2025-10-20,2615.0,2531.79,83.21,2781.41,2516.4,sma_exit,-1.185,3,,HINDUNILVR.NS,stock,True,3
2025-12-01,2470.0,2429.17,40.83,2551.66,2338.6,sma_exit,-3.218,4,,HINDUNILVR.NS,stock,True,1
2026-01-02,2326.0,2294.46,31.54,2389.09,2389.09,target,2.0,1,,HINDUNILVR.NS,stock,True,1
2026-02-10,2439.0,2385.62,53.38,2545.76,2305.2,sma_exit,-2.507,3,,HINDUNILVR.NS,stock,True,2
2026-04-10,2162.9,2108.35,54.55,2272.0,2272.0,target,2.0,6,,HINDUNILVR.NS,stock,True,2
2026-06-17,2211.0,2150.31,60.69,2332.39,2151.3,sma_exit,-0.984,7,,HINDUNILVR.NS,stock,True,3
2026-07-03,2216.0,2173.22,42.78,2301.57,2135.8,sma_exit,-1.875,3,,HINDUNILVR.NS,stock,True,1
2023-01-16,8500.05,8361.11,138.94,8777.93,8777.93,target,2.0,7,5.0,MARUTI.NS,stock,False,3
2023-04-10,8548.0,8369.04,178.96,8905.93,8466.15,sma_exit,-0.457,9,,MARUTI.NS,stock,True,2
2023-05-03,8827.0,8608.72,218.28,9263.56,9263.56,target,2.0,6,,MARUTI.NS,stock,True,1
2023-07-05,9784.95,9565.82,219.13,10223.21,9605.0,sma_exit,-0.821,7,,MARUTI.NS,stock,True,1
2023-08-28,9661.65,9479.21,182.44,10026.53,10026.53,target,2.0,3,,MARUTI.NS,stock,True,4
2023-10-16,10745.05,10455.64,289.41,11323.87,10424.15,sma_exit,-1.109,7,,MARUTI.NS,stock,True,3
2023-11-17,10543.7,10395.27,148.43,10840.57,10840.57,target,2.0,13,,MARUTI.NS,stock,True,3
2024-02-02,10699.8,10078.94,620.86,11941.52,11395.55,sma_exit,1.121,26,,MARUTI.NS,stock,True,1
2024-03-20,11679.95,11516.12,163.83,12007.61,12007.61,target,2.0,2,,MARUTI.NS,stock,True,3
2024-04-23,12879.15,12579.2,299.95,13479.04,12492.15,sma_exit,-1.29,7,,MARUTI.NS,stock,True,4
2024-05-27,13034.0,12648.07,385.93,13805.86,12598.0,sma_exit,-1.13,3,,MARUTI.NS,stock,True,4
2024-06-10,12828.0,12641.48,186.52,13201.03,12560.95,sma_exit,-1.432,5,,MARUTI.NS,stock,True,2
2024-08-30,12519.95,12274.08,245.87,13011.69,12298.6,sma_exit,-0.9,4,,MARUTI.NS,stock,True,5
2024-09-23,12705.15,12347.72,357.43,13420.02,13420.02,target,2.0,4,,MARUTI.NS,stock,True,4
2024-10-11,12965.0,12761.61,203.39,13371.78,12537.85,sma_exit,-2.1,1,,MARUTI.NS,stock,True,2
2024-12-06,11309.0,11098.71,210.29,11729.57,11108.55,sma_exit,-0.953,7,,MARUTI.NS,stock,True,1
2025-01-03,11859.15,11122.06,737.09,13333.32,13333.32,target,2.0,22,,MARUTI.NS,stock,True,1
2025-06-17,12567.0,12390.61,176.39,12919.78,12400.0,sma_exit,-0.947,9,,MARUTI.NS,stock,True,3
2025-08-01,12760.0,12501.39,258.61,13277.22,12365.0,sma_exit,-1.527,1,,MARUTI.NS,stock,False,1
2025-08-07,12619.0,12493.06,125.94,12870.89,12870.89,target,2.0,3,,MARUTI.NS,stock,True,1
2025-11-26,16085.0,15769.78,315.22,16715.44,16715.44,target,2.0,19,,MARUTI.NS,stock,True,4
2026-04-09,13745.0,12756.72,988.28,15721.56,13048.0,sma_exit,-0.705,10,,MARUTI.NS,stock,True,2
2026-06-11,13205.0,13065.0,140.0,13485.0,13485.0,target,2.0,2,,MARUTI.NS,stock,False,2
2026-06-30,13840.0,13393.33,446.67,14733.33,13728.0,sma_exit,-0.251,7,,MARUTI.NS,stock,True,5
2026-07-30,13980.0,13755.17,224.83,14429.67,14429.67,target,2.0,2,,MARUTI.NS,stock,True,5
2023-01-10,1313.9,1259.34,54.56,1423.02,1341.5,sma_exit,0.506,27,3.0,M&M.NS,stock,True,2
2023-04-11,1191.0,1162.38,28.62,1248.23,1211.2,sma_exit,0.706,16,,M&M.NS,stock,True,2
2023-05-10,1250.0,1221.87,28.13,1306.26,1306.26,target,2.0,13,,M&M.NS,stock,True,2
2023-06-30,1417.0,1393.53,23.47,1463.94,1463.94,target,2.0,1,,M&M.NS,stock,True,5
2023-08-11,1556.0,1512.25,43.75,1643.5,1517.5,sma_exit,-0.88,9,,M&M.NS,stock,True,2
2023-08-30,1564.35,1540.49,23.86,1612.06,1557.95,sma_exit,-0.268,9,,M&M.NS,stock,True,5
2023-09-18,1610.7,1570.06,40.64,1691.98,1556.05,sma_exit,-1.345,7,,M&M.NS,stock,True,3
2023-12-29,1739.95,1681.73,58.22,1856.39,1656.2,sma_exit,-1.439,2,,M&M.NS,stock,True,5
2024-02-05,1702.6,1634.49,68.11,1838.83,1646.4,sma_exit,-0.825,4,,M&M.NS,stock,True,1
2024-02-16,1784.9,1674.0,110.9,2006.71,1894.35,sma_exit,0.987,16,,M&M.NS,stock,True,3
2024-04-02,1963.85,1888.0,75.85,2115.54,2115.54,target,2.0,12,,M&M.NS,stock,True,1
2024-07-30,2945.0,2818.71,126.29,3197.59,2749.65,sma_exit,-1.547,3,,M&M.NS,stock,True,5
2024-08-27,2799.0,2744.22,54.78,2908.56,2749.6,sma_exit,-0.902,6,,M&M.NS,stock,True,4
2024-09-18,2793.5,2752.99,40.51,2874.51,2874.51,target,2.0,2,,M&M.NS,stock,True,3
2024-11-08,2972.55,2866.05,106.5,3185.54,2798.95,sma_exit,-1.63,3,,M&M.NS,stock,True,2
2024-11-22,2998.0,2863.69,134.31,3266.63,2898.7,sma_exit,-0.739,4,,M&M.NS,stock,True,4
2024-12-03,3026.25,2940.29,85.96,3198.17,3014.65,sma_exit,-0.135,12,,M&M.NS,stock,True,1
2025-01-03,3228.1,3041.28,186.82,3601.73,2999.65,sma_exit,-1.223,6,,M&M.NS,stock,True,1
2025-02-01,3049.85,2945.28,104.57,3258.99,3258.99,target,2.0,2,,M&M.NS,stock,True,1
2025-03-19,2798.0,2703.35,94.65,2987.31,2665.8,sma_exit,-1.397,7,,M&M.NS,stock,True,3
2025-04-22,2774.0,2655.26,118.74,3011.48,3011.48,target,2.0,8,,M&M.NS,stock,True,4
2025-06-20,3106.9,3048.3,58.6,3224.1,3224.1,target,2.0,3,,M&M.NS,stock,True,3
2025-07-18,3238.0,3168.37,69.63,3377.27,3159.3,sma_exit,-1.13,10,,M&M.NS,stock,True,3
2025-08-14,3300.0,3221.07,78.93,3457.86,3199.5,sma_exit,-1.273,9,,M&M.NS,stock,True,2
2025-09-08,3577.8,3361.08,216.72,4011.23,3530.0,sma_exit,-0.221,13,,M&M.NS,stock,True,2
2025-10-17,3573.2,3488.91,84.29,3741.79,3502.1,sma_exit,-0.843,8,,M&M.NS,stock,True,3
2025-11-06,3632.8,3556.21,76.59,3785.98,3681.2,sma_exit,0.632,15,,M&M.NS,stock,True,1
2026-01-01,3723.6,3641.59,82.01,3887.62,3661.5,sma_exit,-0.757,8,,M&M.NS,stock,True,1
2026-02-09,3598.8,3530.02,68.78,3736.36,3736.36,target,2.0,2,,M&M.NS,stock,True,2
2026-04-10,3199.9,3068.97,130.93,3461.76,3047.7,sma_exit,-1.162,8,,M&M.NS,stock,True,2
2026-05-07,3315.7,3182.93,132.77,3581.23,3176.0,sma_exit,-1.052,3,,M&M.NS,stock,True,1
2026-06-17,3163.0,3049.36,113.64,3390.28,3037.3,sma_exit,-1.106,4,,M&M.NS,stock,True,3
2026-07-21,3183.5,3139.0,44.5,3272.5,3272.5,target,2.0,5,,M&M.NS,stock,True,3
2022-11-04,102.45,101.19,1.26,104.97,104.97,target,2.0,1,3.0,TATASTEEL.NS,stock,True,1
2022-12-01,107.95,106.46,1.49,110.94,110.94,target,2.0,1,,TATASTEEL.NS,stock,True,1
2023-01-02,114.75,110.67,4.08,122.91,122.91,target,2.0,12,,TATASTEEL.NS,stock,True,1
2023-04-12,107.85,104.9,2.95,113.75,106.75,sma_exit,-0.373,20,,TATASTEEL.NS,stock,True,2
2023-06-07,109.9,106.84,3.06,116.02,109.35,sma_exit,-0.18,12,,TATASTEEL.NS,stock,True,1
2023-07-13,116.1,112.82,3.28,122.66,122.66,target,2.0,12,,TATASTEEL.NS,stock,True,2
2023-08-11,120.65,119.22,1.43,123.51,117.95,sma_exit,-1.891,1,,TATASTEEL.NS,stock,True,2
2023-08-31,122.7,118.59,4.11,130.91,130.91,target,2.0,2,,TATASTEEL.NS,stock,True,5
2023-10-18,128.55,126.55,2.0,132.55,126.0,sma_exit,-1.275,1,,TATASTEEL.NS,stock,True,3
2023-11-15,121.25,119.88,1.37,123.99,123.99,target,2.0,1,,TATASTEEL.NS,stock,True,3
2023-12-27,136.1,132.35,3.75,143.59,134.25,sma_exit,-0.494,6,,TATASTEEL.NS,stock,True,4
2024-02-02,137.7,134.39,3.31,144.31,144.31,target,2.0,2,,TATASTEEL.NS,stock,True,1
2024-03-22,152.45,148.91,3.54,159.53,159.53,target,2.0,4,,TATASTEEL.NS,stock,True,4
2024-04-26,168.0,163.5,4.5,176.99,164.25,sma_exit,-0.834,6,,TATASTEEL.NS,stock,True,4
2024-05-16,167.55,165.04,2.51,172.58,172.58,target,2.0,3,,TATASTEEL.NS,stock,True,3
2024-06-10,179.65,171.6,8.05,195.75,175.68,sma_exit,-0.493,10,,TATASTEEL.NS,stock,True,2
2024-08-27,156.4,152.92,3.48,163.36,152.15,sma_exit,-1.221,5,,TATASTEEL.NS,stock,False,4
2024-09-24,154.39,152.11,2.28,158.96,158.96,target,2.0,1,,TATASTEEL.NS,stock,True,4
2024-11-07,154.95,151.01,3.94,162.82,147.57,sma_exit,-1.874,1,,TATASTEEL.NS,stock,False,1
2024-12-06,148.2,143.6,4.6,157.4,145.68,sma_exit,-0.548,7,,TATASTEEL.NS,stock,True,1
2025-01-31,132.15,129.24,2.91,137.96,137.96,target,2.0,6,,TATASTEEL.NS,stock,True,5
2025-02-14,137.69,132.35,5.34,148.38,148.38,target,2.0,13,,TATASTEEL.NS,stock,True,2
2025-06-27,161.1,155.31,5.79,172.69,159.0,sma_exit,-0.362,12,,TATASTEEL.NS,stock,True,4
2025-09-04,168.0,159.07,8.93,185.86,167.4,sma_exit,-0.067,16,,TATASTEEL.NS,stock,True,1
2025-10-09,173.63,171.2,2.43,178.49,170.51,sma_exit,-1.283,3,,TATASTEEL.NS,stock,True,2
2026-05-15,222.9,214.1,8.8,240.49,209.71,sma_exit,-1.499,1,,TATASTEEL.NS,stock,True,3
2026-07-31,188.99,186.51,2.48,193.95,190.0,timeout,0.407,2,,TATASTEEL.NS,stock,True,5
2022-12-29,767.1,746.21,20.89,808.87,736.3,sma_exit,-1.475,4,5.0,JSWSTEEL.NS,stock,True,5
2023-01-13,764.4,752.06,12.34,789.08,741.45,sma_exit,-1.86,5,,JSWSTEEL.NS,stock,True,2
2023-02-17,731.45,722.24,9.21,749.87,720.1,sma_exit,-1.233,2,,JSWSTEEL.NS,stock,True,3
2023-06-06,714.0,701.31,12.69,739.38,739.38,target,2.0,2,,JSWSTEEL.NS,stock,True,1
2023-07-27,808.9,796.68,12.22,833.33,800.0,sma_exit,-0.729,8,,JSWSTEEL.NS,stock,True,4
2023-11-13,761.0,748.06,12.94,786.88,786.88,target,2.0,10,,JSWSTEEL.NS,stock,True,2
2024-03-26,832.95,812.98,19.98,872.9,872.9,target,2.0,3,,JSWSTEEL.NS,stock,True,4
2024-04-26,909.4,868.8,40.6,990.59,857.35,sma_exit,-1.282,6,,JSWSTEEL.NS,stock,True,4
2024-05-21,914.95,880.42,34.53,984.02,883.7,sma_exit,-0.905,7,,JSWSTEEL.NS,stock,True,3
2024-06-12,920.0,900.55,19.45,958.91,958.91,target,2.0,15,,JSWSTEEL.NS,stock,True,2
2024-08-13,926.2,897.97,28.23,982.66,890.3,sma_exit,-1.272,1,,JSWSTEEL.NS,stock,True,2
2024-08-20,920.0,902.43,17.57,955.13,955.13,target,2.0,4,,JSWSTEEL.NS,stock,True,3
2024-09-16,972.45,941.98,30.47,1033.39,1033.39,target,2.0,12,,JSWSTEEL.NS,stock,True,3
2024-11-07,1015.05,974.0,41.05,1097.16,957.25,sma_exit,-1.408,3,,JSWSTEEL.NS,stock,True,1
2024-12-03,991.55,967.74,23.81,1039.18,966.85,sma_exit,-1.037,10,,JSWSTEEL.NS,stock,True,1
2025-01-21,925.65,906.01,19.64,964.94,964.94,target,2.0,14,,JSWSTEEL.NS,stock,True,3
2025-06-10,1017.0,1001.21,15.79,1048.59,995.65,sma_exit,-1.352,2,,JSWSTEEL.NS,stock,True,2
2025-06-20,1010.45,993.78,16.67,1043.79,1043.79,target,2.0,5,,JSWSTEEL.NS,stock,True,3
2025-08-04,1058.6,1035.91,22.69,1103.98,1054.6,sma_exit,-0.176,13,,JSWSTEEL.NS,stock,True,1
2025-09-05,1076.4,1057.04,19.36,1115.11,1115.11,target,2.0,3,,JSWSTEEL.NS,stock,True,1
2026-01-01,1169.0,1106.02,62.98,1294.96,1170.0,sma_exit,0.016,15,,JSWSTEEL.NS,stock,True,1
2026-01-29,1232.0,1184.92,47.08,1326.16,1228.4,sma_exit,-0.076,16,,JSWSTEEL.NS,stock,True,5
2026-02-24,1248.0,1235.87,12.13,1272.26,1272.26,target,2.0,1,,JSWSTEEL.NS,stock,True,4
2026-04-09,1204.6,1150.49,54.11,1312.82,1262.6,sma_exit,1.072,20,,JSWSTEEL.NS,stock,True,2
2026-05-15,1306.0,1271.29,34.71,1375.42,1278.0,sma_exit,-0.807,9,,JSWSTEEL.NS,stock,True,3
2026-06-03,1316.9,1286.93,29.97,1376.84,1284.0,sma_exit,-1.098,2,,JSWSTEEL.NS,stock,True,1
2026-07-21,1266.6,1235.28,31.32,1329.24,1290.5,timeout,0.763,10,,JSWSTEEL.NS,stock,True,3
2022-12-01,451.95,438.51,13.44,478.83,478.83,target,2.0,2,5.0,HINDALCO.NS,stock,True,1
2022-12-30,473.7,460.47,13.23,500.16,461.5,sma_exit,-0.922,3,,HINDALCO.NS,stock,True,5
2023-01-09,474.0,462.66,11.34,496.68,496.68,target,2.0,7,,HINDALCO.NS,stock,True,2
2023-07-13,430.6,423.1,7.5,445.6,445.6,target,2.0,1,,HINDALCO.NS,stock,True,2
2023-09-01,465.1,455.32,9.78,484.67,484.67,target,2.0,1,,HINDALCO.NS,stock,True,1
2023-10-12,485.95,478.24,7.71,501.37,471.75,sma_exit,-1.841,6,,HINDALCO.NS,stock,True,2
2023-11-06,481.45,471.91,9.54,500.54,500.54,target,2.0,7,,HINDALCO.NS,stock,True,1
2024-02-02,581.8,569.31,12.49,606.79,606.79,target,2.0,4,,HINDALCO.NS,stock,True,1
2024-03-07,528.3,515.97,12.33,552.96,507.0,sma_exit,-1.728,3,,HINDALCO.NS,stock,True,1
2024-03-18,534.05,520.76,13.29,560.63,560.63,target,2.0,5,,HINDALCO.NS,stock,True,3
2024-05-15,649.5,635.09,14.41,678.32,678.32,target,2.0,4,,HINDALCO.NS,stock,True,3
2024-07-01,697.5,680.94,16.56,730.62,690.8,sma_exit,-0.405,11,,HINDALCO.NS,stock,True,1
2024-08-21,674.3,644.17,30.13,734.56,666.8,sma_exit,-0.249,10,,HINDALCO.NS,stock,True,3
2024-09-20,692.0,678.93,13.07,718.14,718.14,target,2.0,2,,HINDALCO.NS,stock,True,3
2024-12-04,669.6,652.08,17.52,704.64,653.5,sma_exit,-0.919,8,,HINDALCO.NS,stock,True,1
2025-01-20,619.0,595.87,23.13,665.26,586.9,sma_exit,-1.388,5,,HINDALCO.NS,stock,True,3
2025-02-14,607.95,593.86,14.09,636.13,636.13,target,2.0,4,,HINDALCO.NS,stock,True,2
2025-05-02,634.25,611.87,22.38,679.01,633.5,sma_exit,-0.034,20,,HINDALCO.NS,stock,True,1
2025-06-24,666.0,646.39,19.61,705.22,705.22,target,2.0,6,,HINDALCO.NS,stock,True,4
2025-07-24,696.0,683.38,12.62,721.23,672.45,sma_exit,-1.867,6,,HINDALCO.NS,stock,True,4
2025-08-06,692.0,683.21,8.79,709.58,672.75,sma_exit,-2.19,2,,HINDALCO.NS,stock,True,1
2025-08-18,702.35,687.77,14.58,731.52,731.52,target,2.0,11,,HINDALCO.NS,stock,True,3
2025-10-03,769.7,751.34,18.36,806.42,806.42,target,2.0,14,,HINDALCO.NS,stock,True,1
2025-12-01,815.0,796.22,18.78,852.55,852.55,target,2.0,9,,HINDALCO.NS,stock,True,1
2026-03-11,971.65,929.24,42.41,1056.47,910.05,sma_exit,-1.452,2,,HINDALCO.NS,stock,True,2
2026-04-07,935.75,909.73,26.02,987.79,987.79,target,2.0,2,,HINDALCO.NS,stock,True,1
2026-05-22,1110.9,1062.61,48.29,1207.48,1092.6,sma_exit,-0.379,9,,HINDALCO.NS,stock,True,4
2026-07-31,973.05,957.75,15.3,1003.64,1003.64,target,2.0,2,,HINDALCO.NS,stock,True,5
2022-11-28,1037.95,1022.85,15.1,1068.15,1017.75,sma_exit,-1.338,7,3.0,SUNPHARMA.NS,stock,True,4
2023-03-27,982.95,962.98,19.97,1022.88,1022.88,target,2.0,10,,SUNPHARMA.NS,stock,True,4
2023-05-31,973.25,950.84,22.41,1018.08,991.4,sma_exit,0.81,16,,SUNPHARMA.NS,stock,True,5
2023-10-18,1147.25,1133.57,13.68,1174.61,1122.45,sma_exit,-1.813,3,,SUNPHARMA.NS,stock,True,3
2023-11-06,1145.7,1128.63,17.07,1179.84,1179.84,target,2.0,2,,SUNPHARMA.NS,stock,True,1
2024-03-27,1614.7,1574.78,39.92,1694.53,1540.0,sma_exit,-1.871,10,,SUNPHARMA.NS,stock,True,4
2024-05-15,1547.95,1515.5,32.45,1612.85,1495.1,sma_exit,-1.629,6,,SUNPHARMA.NS,stock,True,3
2024-06-11,1521.7,1489.82,31.88,1585.46,1471.0,sma_exit,-1.59,6,,SUNPHARMA.NS,stock,True,2
2024-06-26,1508.0,1491.12,16.88,1541.77,1541.77,target,2.0,6,,SUNPHARMA.NS,stock,True,4
2024-12-24,1829.4,1806.84,22.56,1874.52,1874.52,target,2.0,3,,SUNPHARMA.NS,stock,True,4
2025-03-13,1680.25,1637.99,42.26,1764.78,1764.78,target,2.0,5,,SUNPHARMA.NS,stock,True,2
2025-04-23,1761.0,1722.57,38.43,1837.85,1837.85,target,2.0,3,,SUNPHARMA.NS,stock,True,4
2025-07-15,1696.9,1675.51,21.39,1739.69,1678.0,sma_exit,-0.883,5,,SUNPHARMA.NS,stock,True,3
2025-07-28,1702.0,1687.02,14.98,1731.96,1731.96,target,2.0,2,,SUNPHARMA.NS,stock,True,4
2025-10-06,1645.5,1621.06,24.44,1694.38,1694.38,target,2.0,10,,SUNPHARMA.NS,stock,True,1
2026-04-29,1763.9,1692.99,70.91,1905.72,1905.72,target,2.0,12,,SUNPHARMA.NS,stock,True,5
2026-06-19,1830.0,1803.77,26.23,1882.47,1882.47,target,2.0,2,,SUNPHARMA.NS,stock,True,3
2023-03-29,894.25,877.03,17.22,928.7,928.7,target,2.0,21,5.0,CIPLA.NS,stock,False,5
2023-05-25,939.9,929.61,10.29,960.48,960.48,target,2.0,3,,CIPLA.NS,stock,True,4
2023-09-01,1266.1,1239.02,27.08,1320.27,1228.5,sma_exit,-1.388,8,,CIPLA.NS,stock,True,1
2023-10-19,1219.45,1173.98,45.47,1310.39,1157.45,sma_exit,-1.363,3,,CIPLA.NS,stock,True,3
2023-12-20,1240.15,1212.1,28.05,1296.24,1296.24,target,2.0,9,,CIPLA.NS,stock,True,3
2024-02-02,1394.85,1339.45,55.4,1505.65,1505.65,target,2.0,26,,CIPLA.NS,stock,True,1
2024-05-21,1425.9,1400.39,25.51,1476.92,1476.92,target,2.0,1,,CIPLA.NS,stock,True,3
2024-08-08,1556.9,1525.49,31.41,1619.72,1619.72,target,2.0,12,,CIPLA.NS,stock,True,2
2024-11-04,1573.45,1536.29,37.16,1647.77,1525.15,sma_exit,-1.3,6,,CIPLA.NS,stock,True,1
2024-12-30,1512.75,1476.01,36.74,1586.23,1488.2,sma_exit,-0.668,8,,CIPLA.NS,stock,True,5
2025-03-10,1471.1,1453.22,17.88,1506.86,1445.75,sma_exit,-1.418,1,,CIPLA.NS,stock,True,2
2025-04-17,1499.0,1470.52,28.48,1555.97,1555.97,target,2.0,4,,CIPLA.NS,stock,True,3
2025-06-09,1505.9,1481.94,23.96,1553.82,1484.0,sma_exit,-0.914,8,,CIPLA.NS,stock,True,2
2025-07-29,1577.0,1497.79,79.21,1735.42,1502.8,sma_exit,-0.937,3,,CIPLA.NS,stock,True,5
2025-08-14,1567.8,1519.49,48.31,1664.41,1553.4,sma_exit,-0.298,14,,CIPLA.NS,stock,True,2
2025-10-16,1566.9,1526.57,40.33,1647.56,1647.56,target,2.0,3,,CIPLA.NS,stock,True,3
2025-11-28,1531.5,1517.99,13.51,1558.52,1519.3,sma_exit,-0.903,2,,CIPLA.NS,stock,True,4
2026-01-06,1525.0,1507.06,17.94,1560.89,1467.9,sma_exit,-3.182,1,,CIPLA.NS,stock,True,1
2026-02-16,1352.4,1332.08,20.32,1393.04,1328.9,sma_exit,-1.156,3,,CIPLA.NS,stock,True,3
2026-04-20,1244.5,1222.71,21.79,1288.08,1288.08,target,2.0,3,,CIPLA.NS,stock,False,3
2026-05-15,1442.0,1325.37,116.63,1675.27,1379.3,sma_exit,-0.538,11,,CIPLA.NS,stock,True,3
2026-06-29,1461.0,1393.49,67.51,1596.02,1426.7,sma_exit,-0.508,10,,CIPLA.NS,stock,True,5
2022-12-01,903.59,888.72,14.87,933.33,874.84,sma_exit,-1.933,3,3.0,DRREDDY.NS,stock,True,1
2022-12-14,894.93,885.23,9.7,914.33,861.82,sma_exit,-3.413,2,,DRREDDY.NS,stock,True,2
2023-01-16,868.34,856.09,12.25,892.85,850.55,sma_exit,-1.452,6,,DRREDDY.NS,stock,True,3
2023-03-23,898.8,880.76,18.04,934.89,934.89,target,2.0,6,,DRREDDY.NS,stock,True,4
2023-06-05,924.0,901.59,22.41,968.83,968.83,target,2.0,8,,DRREDDY.NS,stock,True,1
2023-09-15,1155.26,1140.32,14.94,1185.14,1123.01,sma_exit,-2.159,2,,DRREDDY.NS,stock,True,3
2023-11-17,1115.0,1083.53,31.47,1177.95,1094.7,sma_exit,-0.645,15,,DRREDDY.NS,stock,True,3
2024-01-02,1178.16,1134.06,44.1,1266.35,1138.49,sma_exit,-0.9,7,,DRREDDY.NS,stock,True,1
2024-01-30,1185.0,1151.39,33.61,1252.22,1252.22,target,2.0,9,,DRREDDY.NS,stock,True,5
2024-04-29,1261.77,1221.29,40.48,1342.73,1211.27,sma_exit,-1.248,6,,DRREDDY.NS,stock,True,5
2024-06-10,1216.82,1175.32,41.5,1299.83,1299.83,target,2.0,16,,DRREDDY.NS,stock,True,2
2024-08-21,1394.84,1377.69,17.15,1429.15,1374.43,sma_exit,-1.19,8,,DRREDDY.NS,stock,True,3
2024-09-27,1351.4,1331.16,20.24,1391.88,1326.65,sma_exit,-1.223,4,,DRREDDY.NS,stock,True,4
2024-12-09,1255.15,1220.83,34.32,1323.78,1323.78,target,2.0,8,,DRREDDY.NS,stock,True,2
2025-03-19,1169.4,1135.19,34.21,1237.82,1144.2,sma_exit,-0.737,7,,DRREDDY.NS,stock,True,3
2025-07-29,1290.0,1269.84,20.16,1330.31,1220.6,sma_exit,-3.443,3,,DRREDDY.NS,stock,True,5
2025-08-18,1266.0,1245.89,20.11,1306.22,1244.2,sma_exit,-1.084,1,,DRREDDY.NS,stock,True,3
2025-08-22,1281.8,1243.98,37.82,1357.44,1253.0,sma_exit,-0.761,8,,DRREDDY.NS,stock,True,4
2025-09-11,1310.0,1268.87,41.13,1392.27,1275.2,sma_exit,-0.846,10,,DRREDDY.NS,stock,True,2
2025-10-21,1287.7,1251.13,36.57,1360.83,1250.9,sma_exit,-1.006,5,,DRREDDY.NS,stock,True,3
2025-11-20,1253.0,1229.93,23.07,1299.14,1246.2,sma_exit,-0.295,13,,DRREDDY.NS,stock,True,3
2025-12-15,1280.4,1259.81,20.59,1321.58,1265.8,sma_exit,-0.709,7,,DRREDDY.NS,stock,True,3
2026-02-05,1248.3,1204.67,43.63,1335.57,1287.0,sma_exit,0.887,21,,DRREDDY.NS,stock,True,1
2026-03-12,1336.0,1298.11,37.89,1411.79,1292.3,sma_exit,-1.153,1,,DRREDDY.NS,stock,True,2
2026-04-27,1348.8,1238.6,110.2,1569.2,1279.9,sma_exit,-0.625,9,,DRREDDY.NS,stock,True,4
2026-05-19,1344.9,1310.15,34.75,1414.4,1307.2,sma_exit,-1.085,3,,DRREDDY.NS,stock,True,3
2026-05-27,1341.0,1306.59,34.41,1409.81,1303.5,sma_exit,-1.09,1,,DRREDDY.NS,stock,True,4
2026-06-24,1329.5,1279.22,50.28,1430.06,1269.5,sma_exit,-1.193,10,,DRREDDY.NS,stock,True,4
2023-02-07,612.4,593.0,19.4,651.19,651.19,target,2.0,3,2.0,BAJFINANCE.NS,stock,True,1
2023-04-10,595.9,571.77,24.13,644.16,644.16,target,2.0,17,,BAJFINANCE.NS,stock,True,2
2023-07-04,735.5,717.1,18.4,772.3,772.3,target,2.0,1,,BAJFINANCE.NS,stock,True,1
2023-08-25,718.5,709.15,9.35,737.2,737.2,target,2.0,8,,BAJFINANCE.NS,stock,True,4
2023-12-05,742.0,723.6,18.4,778.8,729.53,sma_exit,-0.678,13,,BAJFINANCE.NS,stock,True,1
2024-01-04,748.59,739.07,9.52,767.63,767.63,target,2.0,1,,BAJFINANCE.NS,stock,True,1
2024-03-21,673.1,650.39,22.71,718.52,718.52,target,2.0,4,,BAJFINANCE.NS,stock,True,3
2024-04-23,730.6,715.74,14.86,760.33,673.12,sma_exit,-3.867,3,,BAJFINANCE.NS,stock,True,4
2024-05-27,691.0,677.61,13.39,717.79,661.65,sma_exit,-2.191,3,,BAJFINANCE.NS,stock,True,4
2024-06-07,701.3,679.51,21.79,744.87,716.56,sma_exit,0.7,16,,BAJFINANCE.NS,stock,True,1
2024-08-22,674.73,665.85,8.88,692.49,692.49,target,2.0,5,,BAJFINANCE.NS,stock,True,4
2024-12-05,676.44,665.29,11.15,698.75,698.75,target,2.0,4,,BAJFINANCE.NS,stock,True,1
2025-01-06,750.0,704.54,45.46,840.92,729.55,sma_exit,-0.45,15,,BAJFINANCE.NS,stock,True,1
2025-01-30,778.7,738.64,40.06,858.83,858.83,target,2.0,5,,BAJFINANCE.NS,stock,True,5
2025-03-19,869.9,848.81,21.09,912.07,912.07,target,2.0,4,,BAJFINANCE.NS,stock,True,3
2025-04-21,929.0,890.28,38.72,1006.44,863.45,sma_exit,-1.693,7,,BAJFINANCE.NS,stock,True,3
2025-06-27,953.5,927.57,25.93,1005.37,923.0,sma_exit,-1.176,3,,BAJFINANCE.NS,stock,True,4
2025-07-10,946.0,926.56,19.44,984.87,918.85,sma_exit,-1.397,2,,BAJFINANCE.NS,stock,True,2
2025-07-22,951.0,932.66,18.34,987.67,913.75,sma_exit,-2.032,3,,BAJFINANCE.NS,stock,True,4
2025-09-04,899.55,886.5,13.05,925.64,925.64,target,2.0,1,,BAJFINANCE.NS,stock,True,1
2025-12-04,1026.3,1015.57,10.73,1047.76,1047.76,target,2.0,1,,BAJFINANCE.NS,stock,True,1
2026-02-06,975.7,941.66,34.04,1043.78,1043.78,target,2.0,11,,BAJFINANCE.NS,stock,True,1
2026-04-10,926.0,857.07,68.93,1063.86,904.2,sma_exit,-0.316,20,,BAJFINANCE.NS,stock,True,2
2026-06-16,959.0,904.46,54.54,1068.08,1068.08,target,2.0,24,,BAJFINANCE.NS,stock,True,3
2026-07-29,1055.0,1035.99,19.01,1093.01,1093.01,target,2.0,2,,BAJFINANCE.NS,stock,True,5
2023-02-09,1377.0,1340.72,36.28,1449.56,1360.95,sma_exit,-0.442,9,1.0,BAJAJFINSV.NS,stock,True,2
2023-04-10,1311.45,1274.42,37.03,1385.51,1385.51,target,2.0,17,,BAJAJFINSV.NS,stock,True,2
2023-08-29,1513.5,1489.85,23.65,1560.81,1490.35,sma_exit,-0.979,2,,BAJAJFINSV.NS,stock,True,5
2023-10-10,1628.0,1563.4,64.6,1757.19,1560.0,sma_exit,-1.053,11,,BAJAJFINSV.NS,stock,True,2
2023-11-15,1607.0,1580.89,26.11,1659.21,1659.21,target,2.0,9,,BAJAJFINSV.NS,stock,True,3
2024-01-08,1717.1,1690.7,26.4,1769.9,1682.45,sma_exit,-1.312,1,,BAJAJFINSV.NS,stock,True,2
2024-02-23,1619.0,1595.68,23.32,1665.63,1584.5,sma_exit,-1.48,3,,BAJAJFINSV.NS,stock,True,4
2024-03-04,1620.3,1593.26,27.04,1674.39,1550.5,sma_exit,-2.581,1,,BAJAJFINSV.NS,stock,True,1
2024-03-26,1610.0,1586.25,23.75,1657.5,1582.65,sma_exit,-1.152,1,,BAJAJFINSV.NS,stock,True,4
2024-06-13,1593.75,1564.61,29.14,1652.04,1579.75,sma_exit,-0.48,12,,BAJAJFINSV.NS,stock,True,2
2024-07-16,1605.0,1589.55,15.45,1635.9,1635.9,target,2.0,1,,BAJAJFINSV.NS,stock,True,3
2024-08-22,1628.8,1586.36,42.44,1713.69,1713.69,target,2.0,3,,BAJAJFINSV.NS,stock,True,4
2024-12-10,1649.95,1614.04,35.91,1721.78,1630.75,sma_exit,-0.535,6,,BAJAJFINSV.NS,stock,True,2
2025-01-06,1720.0,1623.69,96.31,1912.63,1744.85,sma_exit,0.258,27,,BAJAJFINSV.NS,stock,True,1
2025-02-14,1853.5,1777.16,76.34,2006.19,1838.55,sma_exit,-0.196,10,,BAJAJFINSV.NS,stock,True,2
2025-03-24,1880.0,1845.49,34.51,1949.03,1949.03,target,2.0,1,,BAJAJFINSV.NS,stock,True,4
2025-04-17,1984.0,1931.44,52.56,2089.12,2089.12,target,2.0,1,,BAJAJFINSV.NS,stock,True,3
2025-06-26,2028.0,1999.39,28.61,2085.21,2007.9,sma_exit,-0.703,4,,BAJAJFINSV.NS,stock,True,4
2025-07-10,2037.6,2013.22,24.38,2086.36,2003.6,sma_exit,-1.395,2,,BAJAJFINSV.NS,stock,True,2
2025-07-17,2043.7,2023.43,20.27,2084.24,1985.8,sma_exit,-2.856,6,,BAJAJFINSV.NS,stock,True,3
2025-08-21,1997.6,1943.29,54.31,2106.22,1924.2,sma_exit,-1.351,3,,BAJAJFINSV.NS,stock,True,3
2025-09-03,1958.7,1942.12,16.58,1991.86,1991.86,target,2.0,1,,BAJAJFINSV.NS,stock,True,1
2025-10-17,2100.0,2034.86,65.14,2230.28,2088.3,sma_exit,-0.18,9,,BAJAJFINSV.NS,stock,True,3
2026-04-10,1792.5,1720.12,72.38,1937.27,1764.2,sma_exit,-0.391,12,,BAJAJFINSV.NS,stock,True,2
2026-05-27,1812.8,1777.24,35.56,1883.91,1758.9,sma_exit,-1.516,2,,BAJAJFINSV.NS,stock,True,4
2022-12-30,2588.85,2541.9,46.95,2682.76,2484.65,sma_exit,-2.219,6,2.0,TITAN.NS,stock,True,5
2023-02-08,2479.95,2390.9,89.05,2658.05,2431.55,sma_exit,-0.544,10,,TITAN.NS,stock,True,2
2023-03-20,2474.0,2396.29,77.71,2629.41,2629.41,target,2.0,21,,TITAN.NS,stock,True,3
2023-05-30,2821.8,2746.27,75.53,2972.86,2972.86,target,2.0,14,,TITAN.NS,stock,True,5
2023-08-17,3067.45,2982.59,84.86,3237.17,3237.17,target,2.0,19,,TITAN.NS,stock,True,3
2023-10-10,3296.0,3249.52,46.48,3388.97,3219.75,sma_exit,-1.64,9,,TITAN.NS,stock,True,2
2023-11-08,3310.0,3231.16,78.84,3467.68,3467.68,target,2.0,14,,TITAN.NS,stock,True,2
2024-02-20,3709.5,3640.46,69.04,3847.57,3594.7,sma_exit,-1.663,6,,TITAN.NS,stock,True,3
2024-03-02,3774.0,3642.02,131.98,4037.95,3625.7,sma_exit,-1.124,7,,TITAN.NS,stock,True,1
2024-06-13,3452.0,3366.84,85.16,3622.32,3622.32,target,2.0,2,,TITAN.NS,stock,True,2
2024-08-19,3450.1,3407.2,42.9,3535.9,3535.9,target,2.0,2,,TITAN.NS,stock,True,3
2024-12-03,3309.9,3231.89,78.01,3465.91,3465.91,target,2.0,3,,TITAN.NS,stock,True,1
2025-01-06,3481.95,3380.28,101.67,3685.3,3322.5,sma_exit,-1.568,6,,TITAN.NS,stock,True,1
2025-02-03,3635.15,3391.28,243.87,4122.89,3410.75,sma_exit,-0.92,3,,TITAN.NS,stock,True,1
2025-04-08,3151.0,3074.18,76.82,3304.64,3304.64,target,2.0,5,,TITAN.NS,stock,True,2
2025-08-08,3462.4,3414.31,48.09,3558.58,3558.58,target,2.0,5,,TITAN.NS,stock,True,2
2025-10-10,3561.7,3455.59,106.11,3773.92,3773.92,target,2.0,8,,TITAN.NS,stock,True,2
2025-12-19,3935.7,3869.41,66.29,4068.28,4068.28,target,2.0,10,,TITAN.NS,stock,True,3
2026-02-06,4152.3,4070.88,81.42,4315.14,4315.14,target,2.0,2,,TITAN.NS,stock,True,1
2026-04-08,4257.9,4092.84,165.06,4588.02,4385.2,sma_exit,0.771,15,,TITAN.NS,stock,True,2
2026-06-16,4297.0,4138.53,158.47,4613.93,4613.93,target,2.0,14,,TITAN.NS,stock,True,3
2023-01-13,7166.95,7024.12,142.83,7452.61,6849.75,sma_exit,-2.221,6,3.0,ULTRACEMCO.NS,stock,True,2
2023-02-02,7239.0,7059.85,179.15,7597.31,7071.8,sma_exit,-0.933,3,,ULTRACEMCO.NS,stock,True,1
2023-02-13,7250.0,7068.84,181.16,7612.33,7176.95,sma_exit,-0.403,8,,ULTRACEMCO.NS,stock,True,2
2023-03-03,7344.0,7231.67,112.33,7568.66,7214.95,sma_exit,-1.149,1,,ULTRACEMCO.NS,stock,True,1
2023-03-21,7284.4,7211.29,73.11,7430.62,7430.62,target,2.0,1,,ULTRACEMCO.NS,stock,True,3
2023-05-09,7754.0,7553.99,200.01,8154.01,7604.15,sma_exit,-0.749,7,,ULTRACEMCO.NS,stock,True,2
2023-05-23,7738.0,7650.04,87.96,7913.92,7653.8,sma_exit,-0.957,1,,ULTRACEMCO.NS,stock,True,4
2023-05-30,7857.7,7717.64,140.06,8137.83,8137.83,target,2.0,6,,ULTRACEMCO.NS,stock,True,5
2023-08-24,8267.55,8182.54,85.01,8437.57,8093.4,sma_exit,-2.049,1,,ULTRACEMCO.NS,stock,True,4
2023-08-31,8314.75,8173.14,141.61,8597.98,8597.98,target,2.0,3,,ULTRACEMCO.NS,stock,True,5
2023-10-13,8385.0,8268.05,116.95,8618.9,8618.9,target,2.0,5,,ULTRACEMCO.NS,stock,True,2
2023-11-02,8452.1,8325.71,126.39,8704.88,8704.88,target,2.0,4,,ULTRACEMCO.NS,stock,True,1
2023-11-30,8790.0,8713.03,76.97,8943.93,8943.93,target,2.0,1,,ULTRACEMCO.NS,stock,True,5
2024-02-08,10287.6,10009.34,278.26,10844.12,9945.75,sma_exit,-1.229,1,,ULTRACEMCO.NS,stock,False,2
2024-03-04,10155.0,9938.37,216.63,10588.26,9838.35,sma_exit,-1.462,1,,ULTRACEMCO.NS,stock,True,1
2024-04-02,9997.05,9677.05,320.0,10637.05,9652.55,sma_exit,-1.077,7,,ULTRACEMCO.NS,stock,True,1
2024-05-18,9900.0,9721.52,178.48,10256.96,10256.96,target,2.0,4,,ULTRACEMCO.NS,stock,True,3
2024-08-01,11940.0,11646.31,293.69,12527.39,11417.25,sma_exit,-1.78,2,,ULTRACEMCO.NS,stock,True,1
2024-09-03,11465.0,11290.54,174.46,11813.92,11813.92,target,2.0,2,,ULTRACEMCO.NS,stock,True,1
2024-12-03,11780.0,11105.09,674.91,13129.83,11422.8,sma_exit,-0.529,13,,ULTRACEMCO.NS,stock,True,1
2025-03-20,10945.1,10613.87,331.23,11607.57,11607.57,target,2.0,5,,ULTRACEMCO.NS,stock,True,3
2025-05-19,11990.0,11801.44,188.56,12367.11,11697.0,sma_exit,-1.554,1,,ULTRACEMCO.NS,stock,True,3
2025-06-20,11509.0,11289.78,219.22,11947.44,11947.44,target,2.0,4,,ULTRACEMCO.NS,stock,True,3
2025-08-18,12530.0,12309.17,220.83,12971.67,12971.67,target,2.0,12,,ULTRACEMCO.NS,stock,True,3
2025-10-20,12405.0,12174.0,231.0,12867.0,12145.0,sma_exit,-1.126,2,,ULTRACEMCO.NS,stock,True,3
2025-12-26,11790.0,11579.28,210.72,12211.44,12211.44,target,2.0,7,,ULTRACEMCO.NS,stock,True,4
2026-02-25,13010.0,12883.67,126.33,13262.67,12677.0,sma_exit,-2.636,2,,ULTRACEMCO.NS,stock,True,4
2026-04-10,11562.0,10989.72,572.28,12706.56,11586.0,sma_exit,0.042,13,,ULTRACEMCO.NS,stock,True,2
2026-05-07,12141.0,11894.89,246.11,12633.22,11866.0,sma_exit,-1.117,2,,ULTRACEMCO.NS,stock,True,1
2026-07-15,11725.0,11504.22,220.78,12166.56,12166.56,target,2.0,5,,ULTRACEMCO.NS,stock,True,3
2022-12-09,3934.07,3838.04,96.03,4126.12,3782.88,sma_exit,-1.574,8,1.0,ADANIENT.NS,stock,True,2
2023-04-12,1773.19,1721.49,51.7,1876.59,1876.59,target,2.0,11,,ADANIENT.NS,stock,True,2
2023-05-23,2275.38,1912.26,363.12,3001.62,2382.17,sma_exit,0.294,16,,ADANIENT.NS,stock,True,4
2023-07-18,2383.96,2302.81,81.15,2546.27,2372.28,sma_exit,-0.144,19,,ADANIENT.NS,stock,True,3
2023-08-22,2573.98,2439.78,134.2,2842.38,2414.02,sma_exit,-1.192,3,,ADANIENT.NS,stock,True,4
2024-01-03,2858.24,2791.61,66.63,2991.5,2991.5,target,2.0,5,,ADANIENT.NS,stock,True,1
2024-01-31,3034.39,2919.16,115.23,3264.85,3120.77,sma_exit,0.75,20,,ADANIENT.NS,stock,True,5
2024-03-02,3243.9,3144.9,99.0,3441.9,3135.27,sma_exit,-1.097,3,,ADANIENT.NS,stock,True,1
2024-07-30,3025.13,2978.09,47.04,3119.21,3119.21,target,2.0,2,,ADANIENT.NS,stock,True,5
2024-09-24,2976.32,2906.0,70.32,3116.96,2925.91,sma_exit,-0.717,8,,ADANIENT.NS,stock,True,4
2024-10-10,3082.91,2984.63,98.28,3279.46,2991.73,sma_exit,-0.928,4,,ADANIENT.NS,stock,True,2
2025-01-01,2499.09,2390.18,108.91,2716.9,2398.94,sma_exit,-0.92,3,,ADANIENT.NS,stock,True,1
2025-03-10,2199.66,2120.8,78.86,2357.37,2145.18,sma_exit,-0.691,18,,ADANIENT.NS,stock,True,2
2025-04-17,2365.54,2269.76,95.78,2557.1,2282.46,sma_exit,-0.867,5,,ADANIENT.NS,stock,True,3
2025-05-14,2379.99,2309.52,70.47,2520.92,2395.5,sma_exit,0.22,14,,ADANIENT.NS,stock,True,2
2025-06-10,2524.64,2450.74,73.9,2672.44,2431.37,sma_exit,-1.262,3,,ADANIENT.NS,stock,True,2
2025-06-27,2514.46,2448.16,66.3,2647.06,2516.88,sma_exit,0.037,15,,ADANIENT.NS,stock,True,4
2025-11-14,2447.95,2395.6,52.35,2552.66,2332.9,sma_exit,-2.198,7,,ADANIENT.NS,stock,True,2
2026-01-05,2283.7,2246.73,36.97,2357.64,2214.0,sma_exit,-1.885,3,,ADANIENT.NS,stock,True,1
2026-02-09,2246.0,2086.61,159.39,2564.78,2161.8,sma_exit,-0.528,14,,ADANIENT.NS,stock,True,2
2026-04-10,2065.0,1918.72,146.28,2357.56,2357.56,target,2.0,11,,ADANIENT.NS,stock,True,2
2026-07-01,3105.0,2995.65,109.35,3323.7,3010.0,sma_exit,-0.869,16,,ADANIENT.NS,stock,True,1
2023-05-23,753.4,689.65,63.75,880.9,736.0,sma_exit,-0.273,19,5.0,ADANIPORTS.NS,stock,True,4
2023-06-22,753.25,739.85,13.4,780.05,712.5,sma_exit,-3.041,1,,ADANIPORTS.NS,stock,True,4
2023-07-26,752.0,732.61,19.39,790.79,790.79,target,2.0,8,,ADANIPORTS.NS,stock,True,4
2023-09-12,887.2,824.25,62.95,1013.11,818.05,sma_exit,-1.098,5,,ADANIPORTS.NS,stock,True,2
2023-11-07,806.25,790.36,15.89,838.03,791.9,sma_exit,-0.903,11,,ADANIPORTS.NS,stock,True,1
2023-12-04,850.0,815.59,34.41,918.81,918.81,target,2.0,1,,ADANIPORTS.NS,stock,True,1
2024-01-03,1082.9,1047.52,35.38,1153.66,1153.66,target,2.0,2,,ADANIPORTS.NS,stock,True,1
2024-02-01,1217.2,1181.54,35.66,1288.53,1288.53,target,2.0,2,,ADANIPORTS.NS,stock,True,1
2024-03-28,1343.0,1295.79,47.21,1437.42,1315.55,sma_exit,-0.581,10,,ADANIPORTS.NS,stock,True,4
2024-05-15,1339.9,1309.54,30.36,1400.62,1400.62,target,2.0,6,,ADANIPORTS.NS,stock,True,3
2024-07-31,1559.0,1501.31,57.69,1674.39,1493.85,sma_exit,-1.129,3,,ADANIPORTS.NS,stock,True,5
2024-09-26,1465.85,1449.18,16.67,1499.2,1425.2,sma_exit,-2.438,4,,ADANIPORTS.NS,stock,True,4
2025-02-06,1154.9,1113.16,41.74,1238.37,1111.55,sma_exit,-1.039,5,,ADANIPORTS.NS,stock,True,1
2025-03-07,1148.75,1094.04,54.71,1258.18,1148.35,sma_exit,-0.007,18,,ADANIPORTS.NS,stock,True,1
2025-04-17,1235.5,1181.71,53.79,1343.09,1193.0,sma_exit,-0.79,5,,ADANIPORTS.NS,stock,True,3
2025-04-30,1223.9,1198.49,25.41,1274.73,1274.73,target,2.0,1,,ADANIPORTS.NS,stock,True,5
2025-07-01,1456.8,1415.37,41.43,1539.66,1420.7,sma_exit,-0.871,15,,ADANIPORTS.NS,stock,True,1
2025-08-21,1374.6,1354.97,19.63,1413.87,1341.2,sma_exit,-1.701,1,,ADANIPORTS.NS,stock,True,3
2025-09-10,1385.0,1340.37,44.63,1474.26,1383.2,sma_exit,-0.04,13,,ADANIPORTS.NS,stock,True,2
2025-10-03,1426.9,1408.41,18.49,1463.88,1400.5,sma_exit,-1.428,1,,ADANIPORTS.NS,stock,True,1
2025-10-15,1442.2,1416.09,26.11,1494.41,1429.0,sma_exit,-0.506,6,,ADANIPORTS.NS,stock,True,3
2025-11-04,1463.0,1444.21,18.79,1500.58,1436.8,sma_exit,-1.394,1,,ADANIPORTS.NS,stock,True,1
2025-11-13,1515.0,1455.78,59.22,1633.43,1480.5,sma_exit,-0.583,17,,ADANIPORTS.NS,stock,True,2
2026-02-05,1572.3,1422.01,150.29,1872.89,1511.5,sma_exit,-0.405,11,,ADANIPORTS.NS,stock,True,1
2026-02-25,1564.0,1537.62,26.38,1616.77,1521.0,sma_exit,-1.63,2,,ADANIPORTS.NS,stock,True,4
2026-06-18,1840.3,1811.68,28.62,1897.54,1784.0,sma_exit,-1.967,3,,ADANIPORTS.NS,stock,True,3
2026-07-03,1888.0,1821.82,66.18,2020.36,1791.7,sma_exit,-1.455,3,,ADANIPORTS.NS,stock,True,1
2022-12-05,173.65,170.12,3.53,180.71,169.5,sma_exit,-1.176,4,6.0,NTPC.NS,stock,True,1
2023-01-19,169.7,167.52,2.18,174.07,166.85,sma_exit,-1.305,2,,NTPC.NS,stock,True,3
2023-02-01,172.65,167.93,4.72,182.09,166.9,sma_exit,-1.218,1,,NTPC.NS,stock,True,1
2023-02-20,169.65,166.97,2.68,175.01,175.01,target,2.0,10,,NTPC.NS,stock,True,3
2023-06-08,178.0,175.49,2.51,183.02,183.02,target,2.0,1,,NTPC.NS,stock,True,2
2023-07-21,194.25,190.91,3.34,200.93,200.93,target,2.0,2,,NTPC.NS,stock,True,3
2023-08-30,221.6,218.11,3.49,228.58,228.58,target,2.0,2,,NTPC.NS,stock,True,5
2023-10-13,242.75,238.91,3.84,250.44,239.5,sma_exit,-0.845,4,,NTPC.NS,stock,True,2
2023-11-12,243.25,237.16,6.09,255.43,255.43,target,2.0,8,,NTPC.NS,stock,True,2
2024-02-01,325.75,313.05,12.7,351.16,316.15,sma_exit,-0.756,7,,NTPC.NS,stock,True,1
2024-02-15,329.35,322.67,6.68,342.7,342.7,target,2.0,1,,NTPC.NS,stock,True,3
2024-03-02,344.35,334.68,9.67,363.69,322.5,sma_exit,-2.259,7,,NTPC.NS,stock,True,1
2024-04-02,344.4,332.97,11.43,367.27,367.27,target,2.0,6,,NTPC.NS,stock,True,1
2024-04-26,360.6,354.29,6.31,373.22,373.22,target,2.0,4,,NTPC.NS,stock,True,4
2024-05-16,363.5,356.09,7.41,378.33,378.33,target,2.0,7,,NTPC.NS,stock,True,3
2024-06-28,381.1,362.13,18.97,419.04,364.65,sma_exit,-0.867,14,,NTPC.NS,stock,True,4
2024-07-25,395.0,378.05,16.95,428.9,396.2,sma_exit,0.071,13,,NTPC.NS,stock,True,4
2024-08-30,416.2,406.91,9.29,434.78,405.1,sma_exit,-1.195,3,,NTPC.NS,stock,True,5
2024-09-18,417.65,405.71,11.94,441.53,441.53,target,2.0,7,,NTPC.NS,stock,True,3
2025-02-01,326.25,320.37,5.88,338.01,311.25,sma_exit,-2.551,1,,NTPC.NS,stock,False,1
2025-02-21,327.15,314.09,13.06,353.28,311.45,sma_exit,-1.202,4,,NTPC.NS,stock,True,3
2025-09-18,337.45,331.56,5.89,349.23,349.23,target,2.0,4,,NTPC.NS,stock,True,3
2025-10-20,344.2,339.9,4.3,352.81,339.6,sma_exit,-1.069,3,,NTPC.NS,stock,True,3
2026-01-29,353.25,344.69,8.56,370.37,370.37,target,2.0,6,,NTPC.NS,stock,True,5
2026-04-13,384.45,375.02,9.43,403.31,403.31,target,2.0,6,,NTPC.NS,stock,True,2
2026-06-23,368.5,362.33,6.17,380.84,357.05,sma_exit,-1.855,1,,NTPC.NS,stock,False,4
2022-11-30,166.69,164.21,2.48,171.66,163.35,sma_exit,-1.345,6,6.0,POWERGRID.NS,stock,True,5
2023-01-16,161.51,159.61,1.9,165.31,165.31,target,2.0,3,,POWERGRID.NS,stock,True,3
2023-02-28,164.96,161.63,3.33,171.63,171.63,target,2.0,6,,POWERGRID.NS,stock,True,4
2023-04-10,170.55,168.99,1.56,173.67,173.67,target,2.0,1,,POWERGRID.NS,stock,True,2
2023-06-09,184.09,177.31,6.78,197.65,197.65,target,2.0,18,,POWERGRID.NS,stock,True,2
2023-07-28,191.74,186.77,4.97,201.69,186.41,sma_exit,-1.072,3,,POWERGRID.NS,stock,True,4
2023-08-24,187.5,185.27,2.23,191.96,181.5,sma_exit,-2.693,1,,POWERGRID.NS,stock,False,4
2023-09-05,192.38,185.4,6.98,206.35,196.6,sma_exit,0.604,20,,POWERGRID.NS,stock,True,1
2023-10-16,202.4,199.61,2.79,207.98,207.98,target,2.0,1,,POWERGRID.NS,stock,True,3
2023-11-06,206.5,202.51,3.99,214.48,214.48,target,2.0,6,,POWERGRID.NS,stock,True,1
2023-12-05,214.1,211.05,3.05,220.2,220.2,target,2.0,1,,POWERGRID.NS,stock,True,1
2024-01-29,248.7,240.78,7.92,264.54,264.54,target,2.0,3,,POWERGRID.NS,stock,True,5
2024-04-03,281.7,274.93,6.77,295.24,274.05,sma_exit,-1.13,7,,POWERGRID.NS,stock,True,1
2024-04-22,282.25,277.96,4.29,290.83,290.83,target,2.0,2,,POWERGRID.NS,stock,True,4
2024-07-29,345.55,339.88,5.67,356.89,356.89,target,2.0,1,,POWERGRID.NS,stock,True,5
2024-09-16,341.25,334.6,6.65,354.56,334.3,sma_exit,-1.045,2,,POWERGRID.NS,stock,True,3
2024-09-24,342.95,336.07,6.88,356.71,356.71,target,2.0,1,,POWERGRID.NS,stock,True,4
2024-11-25,337.6,320.94,16.66,370.92,325.05,sma_exit,-0.753,7,,POWERGRID.NS,stock,True,4
2025-03-07,267.3,259.93,7.37,282.04,282.04,target,2.0,8,,POWERGRID.NS,stock,False,1
2025-06-10,301.15,295.22,5.93,313.01,289.0,sma_exit,-2.05,2,,POWERGRID.NS,stock,True,2
2025-06-30,300.7,292.49,8.21,317.11,294.15,sma_exit,-0.798,14,,POWERGRID.NS,stock,True,5
2025-09-15,288.6,283.31,5.29,299.18,284.4,sma_exit,-0.794,8,,POWERGRID.NS,stock,True,3
2025-10-16,293.25,286.63,6.62,306.49,288.15,sma_exit,-0.77,10,,POWERGRID.NS,stock,True,3
2026-01-02,267.55,264.02,3.53,274.62,264.1,sma_exit,-0.976,3,,POWERGRID.NS,stock,True,1
2026-02-04,284.5,260.97,23.53,331.57,296.8,sma_exit,0.523,18,,POWERGRID.NS,stock,True,1
2026-03-11,302.75,298.88,3.87,310.48,297.75,sma_exit,-1.293,3,,POWERGRID.NS,stock,True,2
2026-04-15,303.5,297.87,5.63,314.76,314.76,target,2.0,1,,POWERGRID.NS,stock,True,3
2026-06-23,292.9,287.15,5.75,304.41,283.9,sma_exit,-1.564,2,,POWERGRID.NS,stock,True,4
2026-07-23,290.4,285.3,5.1,300.59,285.3,sma_exit,-1.001,3,,POWERGRID.NS,stock,True,4
2022-11-30,141.3,139.61,1.69,144.69,144.69,target,2.0,2,6.0,ONGC.NS,stock,True,5
2023-02-15,149.2,147.06,2.14,153.48,153.48,target,2.0,1,,ONGC.NS,stock,True,3
2023-04-10,157.35,152.02,5.33,168.0,168.0,target,2.0,21,,ONGC.NS,stock,True,2
2023-06-21,157.8,156.28,1.52,160.84,160.84,target,2.0,1,,ONGC.NS,stock,True,3
2023-09-05,184.45,177.09,7.36,199.16,184.6,sma_exit,0.02,18,,ONGC.NS,stock,True,1
2023-10-18,187.05,185.19,1.86,190.77,184.85,sma_exit,-1.184,3,,ONGC.NS,stock,True,3
2023-10-31,189.2,184.64,4.56,198.32,198.32,target,2.0,9,,ONGC.NS,stock,True,5
2023-12-19,201.95,196.58,5.37,212.68,212.68,target,2.0,11,,ONGC.NS,stock,True,3
2024-05-21,283.4,277.52,5.88,295.16,274.3,sma_exit,-1.547,5,,ONGC.NS,stock,True,3
2024-08-13,344.7,327.24,17.46,379.62,327.7,sma_exit,-0.974,5,,ONGC.NS,stock,True,2
2025-01-07,262.75,245.51,17.24,297.23,256.51,sma_exit,-0.362,13,,ONGC.NS,stock,True,1
2025-03-20,235.14,229.98,5.16,245.47,245.47,target,2.0,1,,ONGC.NS,stock,True,3
2025-04-21,244.61,238.38,6.23,257.08,239.2,sma_exit,-0.868,9,,ONGC.NS,stock,True,3
2025-05-16,248.92,243.83,5.09,259.1,241.67,sma_exit,-1.424,4,,ONGC.NS,stock,True,3
2025-06-12,250.4,242.98,7.42,265.25,243.92,sma_exit,-0.873,8,,ONGC.NS,stock,True,2
2025-09-22,237.96,235.05,2.91,243.79,243.79,target,2.0,7,,ONGC.NS,stock,True,4
2026-01-02,241.11,236.01,5.1,251.31,231.42,sma_exit,-1.9,4,,ONGC.NS,stock,True,1
2026-04-01,288.35,271.32,17.03,322.41,284.8,sma_exit,-0.208,15,,ONGC.NS,stock,True,1
2026-04-29,302.4,287.11,15.29,332.98,280.8,sma_exit,-1.413,4,,ONGC.NS,stock,True,5
2026-05-14,300.2,289.42,10.78,321.76,290.0,sma_exit,-0.946,6,,ONGC.NS,stock,True,2
2026-07-08,245.27,241.68,3.59,252.44,252.44,target,2.0,10,,ONGC.NS,stock,True,2
2023-01-23,229.25,219.11,10.14,249.53,217.65,sma_exit,-1.144,7,0.0,COALINDIA.NS,stock,True,4
2023-03-01,218.0,215.49,2.51,223.03,223.03,target,2.0,1,,COALINDIA.NS,stock,True,1
2023-03-03,224.45,215.85,8.6,241.66,217.05,sma_exit,-0.86,10,,COALINDIA.NS,stock,True,1
2023-04-10,224.25,216.89,7.36,238.97,238.97,target,2.0,23,,COALINDIA.NS,stock,True,2
2023-07-06,233.7,228.76,4.94,243.57,228.2,sma_exit,-1.114,8,,COALINDIA.NS,stock,True,1
2023-08-10,235.9,231.55,4.35,244.61,232.25,sma_exit,-0.839,4,,COALINDIA.NS,stock,True,2
2023-09-05,248.95,233.6,15.35,279.65,279.65,target,2.0,3,,COALINDIA.NS,stock,True,1
2023-11-09,319.55,313.18,6.37,332.29,332.29,target,2.0,2,,COALINDIA.NS,stock,True,2
2024-01-23,401.5,383.14,18.36,438.23,382.6,sma_exit,-1.029,1,,COALINDIA.NS,stock,False,4
2024-01-30,414.7,386.04,28.66,472.01,472.01,target,2.0,12,,COALINDIA.NS,stock,True,5
2024-03-06,461.75,451.79,9.96,481.68,449.3,sma_exit,-1.25,3,,COALINDIA.NS,stock,True,1
2024-04-04,448.3,434.74,13.56,475.42,438.6,sma_exit,-0.715,8,,COALINDIA.NS,stock,True,1
2024-05-21,475.0,459.87,15.13,505.26,505.26,target,2.0,1,,COALINDIA.NS,stock,True,3
2024-07-04,487.65,479.35,8.3,504.26,504.26,target,2.0,5,,COALINDIA.NS,stock,True,1
2024-07-26,503.55,494.36,9.19,521.93,521.93,target,2.0,2,,COALINDIA.NS,stock,True,4
2024-08-21,528.45,520.06,8.39,545.23,520.85,sma_exit,-0.906,8,,COALINDIA.NS,stock,True,3
2024-09-25,506.65,495.72,10.93,528.51,480.45,sma_exit,-2.398,7,,COALINDIA.NS,stock,True,4
2024-12-04,425.5,416.41,9.09,443.67,414.0,sma_exit,-1.266,3,,COALINDIA.NS,stock,False,1
2025-01-31,387.35,378.76,8.59,404.52,374.0,sma_exit,-1.555,2,,COALINDIA.NS,stock,True,5
2025-03-07,384.15,365.08,19.07,422.29,385.05,sma_exit,0.047,18,,COALINDIA.NS,stock,True,1
2025-04-21,400.1,394.32,5.78,411.67,393.15,sma_exit,-1.202,4,,COALINDIA.NS,stock,True,3
2025-05-14,399.6,391.92,7.68,414.96,414.96,target,2.0,4,,COALINDIA.NS,stock,True,2
2025-08-13,386.45,381.56,4.89,396.24,378.15,sma_exit,-1.696,5,,COALINDIA.NS,stock,True,2
2025-09-05,392.1,382.35,9.75,411.6,389.15,sma_exit,-0.303,15,,COALINDIA.NS,stock,True,1
2025-10-20,389.5,386.38,3.12,395.73,395.73,target,2.0,4,,COALINDIA.NS,stock,True,3
2025-12-11,382.9,378.37,4.53,391.96,391.96,target,2.0,8,,COALINDIA.NS,stock,True,2
2026-01-29,445.95,428.1,17.85,481.64,419.55,sma_exit,-1.479,2,,COALINDIA.NS,stock,True,5
2026-02-25,432.0,425.76,6.24,444.47,444.47,target,2.0,5,,COALINDIA.NS,stock,True,4
2026-04-08,463.8,455.06,8.74,481.28,454.1,sma_exit,-1.11,1,,COALINDIA.NS,stock,False,2
2026-04-28,462.0,447.57,14.43,490.85,490.85,target,2.0,2,,COALINDIA.NS,stock,True,4
2026-06-03,474.95,461.72,13.23,501.4,451.0,sma_exit,-1.811,5,,COALINDIA.NS,stock,True,1
2022-12-05,986.53,953.44,33.09,1052.72,957.33,sma_exit,-0.882,8,0.0,TRENT.NS,stock,True,1
2023-02-03,816.43,801.88,14.55,845.53,845.53,target,2.0,4,,TRENT.NS,stock,True,1
2023-03-20,906.57,880.73,25.84,958.26,873.37,sma_exit,-1.285,4,,TRENT.NS,stock,True,3
2023-04-03,926.0,890.16,35.84,997.68,911.83,sma_exit,-0.395,16,,TRENT.NS,stock,True,1
2023-05-05,942.67,918.76,23.91,990.48,990.48,target,2.0,5,,TRENT.NS,stock,True,1
2023-07-31,1159.3,1137.77,21.53,1202.35,1126.6,sma_exit,-1.519,2,,TRENT.NS,stock,True,5
2023-08-10,1203.37,1149.97,53.4,1310.16,1310.16,target,2.0,3,,TRENT.NS,stock,True,2
2023-09-26,1449.0,1382.95,66.05,1581.1,1376.37,sma_exit,-1.1,2,,TRENT.NS,stock,True,4
2023-10-13,1405.2,1385.25,19.95,1445.09,1365.97,sma_exit,-1.967,3,,TRENT.NS,stock,True,2
2023-10-31,1428.8,1380.04,48.76,1526.32,1526.32,target,2.0,5,,TRENT.NS,stock,True,5
2024-04-18,2742.63,2637.46,105.17,2952.96,2952.96,target,2.0,7,,TRENT.NS,stock,True,3
2024-06-07,3285.73,3120.63,165.1,3615.93,3615.93,target,2.0,6,,TRENT.NS,stock,True,1
2024-07-31,3773.33,3662.97,110.36,3994.04,3564.6,sma_exit,-1.891,3,,TRENT.NS,stock,True,5
2024-08-09,3818.27,3660.44,157.83,4133.94,4133.94,target,2.0,1,,TRENT.NS,stock,True,2
2024-10-14,5548.13,5142.52,405.61,6359.35,5146.43,sma_exit,-0.99,3,,TRENT.NS,stock,True,2
2024-12-02,4590.97,4413.73,177.24,4945.44,4554.37,sma_exit,-0.207,14,,TRENT.NS,stock,True,1
2024-12-27,4719.33,4653.83,65.5,4850.33,4636.23,sma_exit,-1.269,1,,TRENT.NS,stock,True,4
2025-01-02,4786.53,4684.63,101.9,4990.33,4990.33,target,2.0,1,,TRENT.NS,stock,True,1
2025-03-17,3405.27,3330.9,74.37,3554.01,3554.01,target,2.0,7,,TRENT.NS,stock,True,3
2025-05-06,3588.0,3405.5,182.5,3953.01,3408.67,sma_exit,-0.983,3,,TRENT.NS,stock,True,1
2025-05-15,3637.67,3528.74,108.93,3855.53,3561.33,sma_exit,-0.701,5,,TRENT.NS,stock,True,3
2025-05-27,3691.0,3589.83,101.17,3893.33,3671.0,sma_exit,-0.198,6,,TRENT.NS,stock,True,4
2025-06-09,3871.0,3719.33,151.67,4174.33,3726.67,sma_exit,-0.952,4,,TRENT.NS,stock,True,2
2025-06-20,3866.67,3793.0,73.67,4014.01,4014.01,target,2.0,1,,TRENT.NS,stock,True,3
2025-08-06,3570.67,3493.76,76.91,3724.49,3724.49,target,2.0,7,,TRENT.NS,stock,True,1
2025-09-03,3648.0,3597.39,50.61,3749.22,3749.22,target,2.0,1,,TRENT.NS,stock,True,1
2025-10-23,3233.33,3154.6,78.73,3390.8,3150.27,sma_exit,-1.055,3,,TRENT.NS,stock,False,4
2025-12-24,2824.07,2755.09,68.98,2962.03,2962.03,target,2.0,7,,TRENT.NS,stock,True,4
2026-02-06,2761.6,2579.94,181.66,3124.92,2703.27,sma_exit,-0.321,11,,TRENT.NS,stock,True,1
2026-04-07,2579.67,2366.94,212.73,3005.13,2756.93,sma_exit,0.833,18,,TRENT.NS,stock,True,1
2026-05-25,2876.6,2778.21,98.39,3073.38,2771.53,sma_exit,-1.068,4,,TRENT.NS,stock,True,4
2026-06-17,2923.2,2825.14,98.06,3119.33,3119.33,target,2.0,1,,TRENT.NS,stock,True,3
2026-08-03,3042.6,2919.38,123.22,3289.03,3077.0,timeout,0.279,1,,TRENT.NS,stock,True,1
2022-11-18,111.35,107.56,3.79,118.94,105.8,sma_exit,-1.463,1,4.0,BEL.NS,stock,False,3
2023-01-17,103.0,99.81,3.19,109.38,99.15,sma_exit,-1.206,6,,BEL.NS,stock,True,3
2023-03-03,97.55,95.67,1.88,101.31,95.45,sma_exit,-1.117,3,,BEL.NS,stock,True,1
2023-04-06,99.0,93.59,5.41,109.82,109.82,target,2.0,29,,BEL.NS,stock,True,1
2023-07-11,125.9,123.3,2.6,131.09,131.09,target,2.0,13,,BEL.NS,stock,True,2
2023-08-08,129.2,127.41,1.79,132.78,132.78,target,2.0,2,,BEL.NS,stock,True,2
2023-08-23,133.7,129.69,4.01,141.73,141.73,target,2.0,8,,BEL.NS,stock,True,4
2023-10-05,140.6,137.77,2.83,146.27,135.75,sma_exit,-1.712,2,,BEL.NS,stock,True,1
2023-11-07,138.0,134.93,3.07,144.13,144.13,target,2.0,5,,BEL.NS,stock,True,1
2024-02-19,190.4,184.41,5.99,202.39,202.39,target,2.0,4,,BEL.NS,stock,True,3
2024-04-02,212.75,200.95,11.8,236.34,236.34,target,2.0,8,,BEL.NS,stock,True,1
2024-05-17,240.0,233.57,6.43,252.87,252.87,target,2.0,1,,BEL.NS,stock,True,3
2024-08-23,306.9,302.34,4.56,316.02,299.95,sma_exit,-1.525,3,,BEL.NS,stock,True,4
2024-10-14,288.65,283.2,5.45,299.56,284.55,sma_exit,-0.752,3,,BEL.NS,stock,True,2
2024-11-27,301.0,289.3,11.7,324.41,303.8,sma_exit,0.239,15,,BEL.NS,stock,True,4
2025-02-01,294.2,273.82,20.38,334.96,273.45,sma_exit,-1.018,6,,BEL.NS,stock,True,1
2025-03-06,275.8,258.56,17.24,310.28,282.4,sma_exit,0.383,17,,BEL.NS,stock,True,1
2025-09-12,392.5,375.61,16.89,426.28,403.65,sma_exit,0.66,17,,BEL.NS,stock,True,2
2025-10-17,412.7,406.48,6.22,425.15,407.2,sma_exit,-0.884,7,,BEL.NS,stock,True,3
2025-11-11,420.4,415.79,4.61,429.63,416.35,sma_exit,-0.878,8,,BEL.NS,stock,True,2
2025-12-24,402.5,395.97,6.53,415.56,393.25,sma_exit,-1.416,2,,BEL.NS,stock,True,4
2026-01-02,401.3,393.23,8.07,417.43,417.43,target,2.0,1,,BEL.NS,stock,True,1
2026-01-27,419.0,411.41,7.59,434.19,434.19,target,2.0,1,,BEL.NS,stock,True,4
2026-02-26,445.3,439.14,6.16,457.62,457.62,target,2.0,3,,BEL.NS,stock,True,4
2026-04-10,443.3,425.39,17.91,479.11,435.6,sma_exit,-0.43,10,,BEL.NS,stock,True,2
2026-06-19,430.0,412.46,17.54,465.08,407.2,sma_exit,-1.3,4,,BEL.NS,stock,True,3
2022-12-02,414.8,399.16,15.64,446.08,400.35,sma_exit,-0.924,7,4.0,DLF.NS,stock,True,1
2023-01-16,379.3,373.16,6.14,391.59,369.3,sma_exit,-1.627,4,,DLF.NS,stock,False,3
2023-03-08,364.4,356.98,7.42,379.24,350.05,sma_exit,-1.933,2,,DLF.NS,stock,True,2
2023-04-06,370.5,359.23,11.27,393.04,393.04,target,2.0,1,,DLF.NS,stock,True,1
2023-07-05,497.85,489.34,8.51,514.87,514.87,target,2.0,1,,DLF.NS,stock,True,1
2023-07-31,517.8,499.86,17.94,553.68,493.8,sma_exit,-1.338,2,,DLF.NS,stock,True,5
2023-08-31,502.95,484.12,18.82,540.6,540.6,target,2.0,6,,DLF.NS,stock,True,5
2023-10-06,540.9,528.31,12.59,566.08,566.08,target,2.0,3,,DLF.NS,stock,True,1
2023-11-01,570.55,554.46,16.09,602.73,602.73,target,2.0,6,,DLF.NS,stock,True,1
2024-02-01,806.7,780.6,26.1,858.9,858.9,target,2.0,11,,DLF.NS,stock,True,1
2024-04-01,907.0,876.94,30.06,967.11,885.0,sma_exit,-0.732,9,,DLF.NS,stock,True,1
2024-06-11,856.75,832.76,23.99,904.74,840.45,sma_exit,-0.679,8,,DLF.NS,stock,True,2
2024-07-19,846.95,831.29,15.66,878.28,809.35,sma_exit,-2.4,2,,DLF.NS,stock,False,3
2024-07-31,885.45,837.6,47.85,981.14,810.15,sma_exit,-1.574,3,,DLF.NS,stock,True,5
2024-09-03,853.95,844.46,9.49,872.93,841.65,sma_exit,-1.296,2,,DLF.NS,stock,True,1
2025-03-20,698.7,663.84,34.86,768.41,663.1,sma_exit,-1.021,7,,DLF.NS,stock,True,3
2025-04-22,690.0,663.68,26.32,742.63,653.55,sma_exit,-1.385,3,,DLF.NS,stock,True,4
2025-04-30,670.9,658.41,12.49,695.88,695.88,target,2.0,2,,DLF.NS,stock,True,5
2025-07-22,856.0,837.3,18.7,893.4,828.95,sma_exit,-1.447,2,,DLF.NS,stock,True,4
2025-09-17,791.35,760.3,31.05,853.46,759.4,sma_exit,-1.029,4,,DLF.NS,stock,True,3
2025-10-16,765.0,736.95,28.05,821.09,756.25,sma_exit,-0.312,10,,DLF.NS,stock,True,3
2026-01-05,707.45,691.94,15.51,738.46,692.4,sma_exit,-0.971,3,,DLF.NS,stock,True,1
2026-02-05,662.55,633.76,28.79,720.13,626.4,sma_exit,-1.256,6,,DLF.NS,stock,True,1
2026-04-10,572.4,536.94,35.46,643.32,590.25,sma_exit,0.503,19,,DLF.NS,stock,True,2
2026-06-16,620.3,585.76,34.54,689.38,689.38,target,2.0,17,,DLF.NS,stock,True,3
2022-12-05,118.2,116.34,1.86,121.91,115.58,sma_exit,-1.411,4,7.0,VEDL.NS,stock,True,1
2023-01-03,119.0,115.23,3.77,126.54,126.54,target,2.0,13,,VEDL.NS,stock,True,1
2023-02-01,125.93,120.65,5.28,136.49,117.62,sma_exit,-1.573,2,,VEDL.NS,stock,True,1
2023-05-18,105.91,104.33,1.58,109.07,109.07,target,2.0,3,,VEDL.NS,stock,False,3
2023-07-10,105.92,104.74,1.18,108.29,103.96,sma_exit,-1.655,1,,VEDL.NS,stock,True,2
2023-09-06,91.29,88.55,2.74,96.77,86.75,sma_exit,-1.658,4,,VEDL.NS,stock,True,1
2023-10-13,85.19,83.75,1.44,88.07,83.36,sma_exit,-1.27,5,,VEDL.NS,stock,True,2
2023-11-03,86.22,83.6,2.62,91.46,91.46,target,2.0,5,,VEDL.NS,stock,True,1
2023-12-05,91.5,89.26,2.24,95.98,95.98,target,2.0,7,,VEDL.NS,stock,True,1
2024-01-11,100.37,97.54,2.83,106.03,99.11,sma_exit,-0.446,7,,VEDL.NS,stock,True,2
2024-01-31,101.53,99.69,1.84,105.21,105.21,target,2.0,4,,VEDL.NS,stock,True,5
2024-03-04,102.35,101.0,1.35,105.06,105.06,target,2.0,1,,VEDL.NS,stock,True,1
2024-07-02,175.46,169.45,6.01,187.47,170.91,sma_exit,-0.757,6,,VEDL.NS,stock,True,1
2024-08-21,167.6,162.84,4.76,177.11,177.11,target,2.0,8,,VEDL.NS,stock,True,3
2024-09-26,181.87,170.92,10.95,203.77,183.31,sma_exit,0.132,12,,VEDL.NS,stock,True,4
2024-12-02,171.32,168.65,2.67,176.67,176.67,target,2.0,3,,VEDL.NS,stock,True,1
2025-01-20,171.49,166.33,5.16,181.81,165.41,sma_exit,-1.179,4,,VEDL.NS,stock,True,3
2025-02-07,168.49,165.4,3.09,174.67,163.09,sma_exit,-1.748,1,,VEDL.NS,stock,True,1
2025-03-07,167.22,157.48,9.74,186.71,164.47,sma_exit,-0.282,17,,VEDL.NS,stock,True,1
2025-04-30,157.7,152.23,5.47,168.63,152.35,sma_exit,-0.979,5,,VEDL.NS,stock,True,5
2025-05-14,164.77,156.32,8.45,181.66,162.99,sma_exit,-0.211,12,,VEDL.NS,stock,True,2
2025-06-10,172.67,165.68,6.99,186.65,164.47,sma_exit,-1.173,7,,VEDL.NS,stock,True,2
2025-07-02,176.26,171.03,5.23,186.73,169.97,sma_exit,-1.202,3,,VEDL.NS,stock,True,1
2025-08-20,168.78,163.24,5.54,179.87,160.24,sma_exit,-1.541,4,,VEDL.NS,stock,True,3
2025-09-15,170.27,163.98,6.29,182.85,167.63,sma_exit,-0.42,9,,VEDL.NS,stock,True,3
2025-10-01,175.21,169.01,6.2,187.61,187.61,target,2.0,16,,VEDL.NS,stock,True,1
2025-11-28,196.0,192.47,3.53,203.06,203.06,target,2.0,4,,VEDL.NS,stock,True,4
2025-12-12,200.02,194.64,5.38,210.78,210.78,target,2.0,2,,VEDL.NS,stock,True,2
2026-02-25,261.55,255.44,6.11,273.77,273.77,target,2.0,1,,VEDL.NS,stock,True,4
2026-04-07,265.1,255.58,9.52,284.13,284.13,target,2.0,5,,VEDL.NS,stock,True,1
2026-04-29,283.64,278.38,5.26,294.15,271.55,sma_exit,-2.3,1,,VEDL.NS,stock,True,5
2026-05-06,305.9,285.83,20.07,346.04,346.04,target,2.0,14,,VEDL.NS,stock,True,1
