ts,Open,High,Low,Close,Volume
2022-10-06,402.0,413.95,399.4,412.65,11757783.0
2022-10-07,409.95,411.95,405.8,411.1,5241141.0
2022-10-10,403.5,409.15,400.0,407.5,6519516.0
2022-10-11,403.0,412.45,393.9,396.05,7054291.0
2022-10-12,398.05,401.4,391.75,400.2,6584165.0
2022-10-13,411.0,416.5,400.0,401.55,16563626.0
2022-10-14,411.25,411.25,396.4,397.15,6115863.0
2022-10-17,395.05,395.9,386.3,388.3,8964609.0
2022-10-18,391.5,398.4,391.35,393.45,7081181.0
2022-10-19,394.0,398.1,389.5,390.3,6208484.0
2022-10-20,383.0,396.7,380.1,395.2,8221466.0
2022-10-21,397.2,398.05,386.25,393.75,7988296.0
2022-10-24,395.0,398.85,394.35,395.55,792434.0
2022-10-25,394.4,402.8,391.5,398.4,6156461.0
2022-10-27,408.0,413.4,398.4,412.4,9751313.0
2022-10-28,412.5,412.5,399.75,404.95,6569172.0
2022-10-31,405.0,408.75,403.0,405.65,4257701.0
2022-11-01,406.0,415.0,406.0,414.4,7483109.0
2022-11-02,414.75,426.85,414.0,421.3,11554741.0
2022-11-03,415.0,415.9,408.95,410.35,7303843.0
2022-11-04,412.45,432.0,412.0,430.55,13314215.0
2022-11-07,432.0,438.9,426.3,437.5,9887787.0
2022-11-09,430.1,433.0,415.6,417.1,13897096.0
2022-11-10,415.3,420.4,412.75,415.1,5573215.0
2022-11-11,420.35,431.8,420.3,429.85,14060215.0
2022-11-14,435.0,458.65,434.05,455.55,30134326.0
2022-11-15,456.0,460.55,449.55,456.9,11841116.0
2022-11-16,455.55,455.55,444.15,447.4,7136883.0
2022-11-17,443.45,444.4,436.5,440.45,6533610.0
2022-11-18,440.5,443.9,434.45,438.6,6128560.0
2022-11-21,439.8,444.45,428.4,430.55,6372184.0
2022-11-22,432.75,436.35,429.0,430.65,6107970.0
2022-11-23,434.5,439.3,431.55,433.35,6031027.0
2022-11-24,435.55,439.6,432.65,438.35,4732442.0
2022-11-25,438.0,441.8,434.35,440.65,4799479.0
2022-11-28,435.0,436.5,429.0,431.15,5613201.0
2022-11-29,433.0,440.9,432.25,435.95,6518412.0
2022-11-30,438.75,451.95,438.15,450.7,13921394.0
2022-12-01,455.0,466.5,454.05,463.4,13242911.0
2022-12-02,463.3,470.4,458.0,461.1,6620679.0
2022-12-05,466.15,483.85,466.15,481.2,14599240.0
2022-12-06,477.5,477.5,467.2,470.0,7409338.0
2022-12-07,470.0,472.1,463.1,464.3,5510177.0
2022-12-08,465.05,472.95,461.3,471.65,4901662.0
2022-12-09,474.0,476.0,461.9,462.85,5405737.0
2022-12-12,459.0,466.95,454.45,461.95,4809372.0
2022-12-13,464.3,466.0,457.3,458.1,4358161.0
2022-12-14,461.65,470.95,461.05,469.3,6639699.0
2022-12-15,467.0,470.65,459.0,461.0,3986786.0
2022-12-16,458.0,462.75,452.55,456.75,6458263.0
2022-12-19,459.0,463.0,455.05,460.15,3689495.0
2022-12-20,458.0,459.25,444.25,457.05,7580381.0
2022-12-21,459.3,463.9,451.9,457.15,5556931.0
2022-12-22,459.45,463.0,447.2,455.5,4434495.0
2022-12-23,452.9,452.9,427.6,429.55,7765897.0
2022-12-26,431.0,445.4,429.1,442.95,3939123.0
2022-12-27,447.95,472.4,446.75,471.0,13898032.0
2022-12-28,467.65,473.7,463.95,465.95,7519133.0
2022-12-29,459.3,472.2,455.25,469.9,8427104.0
2022-12-30,473.95,482.3,471.8,473.35,8024424.0
2023-01-02,475.95,491.0,475.15,487.05,11255811.0
2023-01-03,486.5,488.45,478.5,479.9,5906501.0
2023-01-04,477.0,477.45,460.0,461.5,9899885.0
2023-01-05,463.25,467.45,458.65,465.7,7087634.0
2023-01-06,467.0,474.0,461.1,462.65,6004013.0
2023-01-09,471.0,474.0,466.2,470.75,6047398.0
2023-01-10,478.0,480.5,473.3,477.55,7092319.0
2023-01-11,481.9,493.45,481.0,490.95,11383752.0
2023-01-12,495.0,495.6,482.2,485.65,7278634.0
2023-01-13,487.65,490.0,482.65,488.5,7445162.0
2023-01-16,490.95,492.7,481.25,483.05,3294109.0
2023-01-17,481.75,489.3,476.95,487.9,7819426.0
2023-01-18,488.5,504.0,488.5,502.95,12045667.0
2023-01-19,493.15,503.0,491.0,498.9,7945795.0
2023-01-20,498.0,501.55,488.25,489.95,5664588.0
2023-01-23,494.0,500.35,491.2,494.2,5559031.0
2023-01-24,496.7,497.9,483.55,484.65,3293586.0
2023-01-25,484.1,495.8,484.1,489.1,7341066.0
2023-01-27,493.5,494.8,467.95,479.0,4591590.0
2023-01-30,479.0,483.35,463.95,472.35,5804476.0
2023-01-31,474.95,476.35,465.5,468.4,5679604.0
2023-02-01,473.0,480.6,454.6,467.85,6075062.0
2023-02-02,467.0,471.0,460.8,465.4,3356544.0
2023-02-03,467.75,468.95,450.2,459.65,5707642.0
2023-02-06,457.0,457.0,446.0,447.35,4397546.0
2023-02-07,440.0,441.9,425.5,429.55,16652967.0
2023-02-08,432.0,439.8,432.0,436.5,6121515.0
2023-02-09,437.0,447.7,431.75,444.55,11431814.0
2023-02-10,444.55,444.95,431.0,433.15,6648361.0
2023-02-13,434.5,439.8,426.55,427.7,6437475.0
2023-02-14,429.5,435.25,425.35,434.8,3951666.0
2023-02-15,435.5,437.25,430.6,433.95,3623450.0
2023-02-16,436.9,438.0,433.0,434.7,4282249.0
2023-02-17,434.75,438.0,426.6,429.5,4014137.0
2023-02-20,429.9,435.55,429.0,434.25,3749802.0
2023-02-21,437.75,438.3,430.0,431.5,3761409.0
2023-02-22,430.5,434.5,426.75,429.7,5276939.0
2023-02-23,430.4,438.5,430.1,436.45,5037774.0
2023-02-24,438.0,438.0,414.25,415.25,10814032.0
2023-02-27,415.0,415.0,401.5,411.8,8301373.0
2023-02-28,413.5,413.9,398.0,399.2,12174759.0
2023-03-01,402.0,414.9,401.65,413.05,7935816.0
2023-03-02,415.0,416.8,408.0,410.8,4804013.0
2023-03-03,413.2,419.35,412.2,416.9,5101880.0
2023-03-06,419.0,422.2,413.9,414.55,5069374.0
2023-03-08,409.95,409.95,396.1,407.75,7044653.0
2023-03-09,411.0,418.5,408.0,408.85,6981354.0
2023-03-10,403.0,409.5,395.4,405.65,5238878.0
2023-03-13,409.0,414.95,398.5,402.25,5961785.0
2023-03-14,404.3,407.95,399.45,402.7,5841169.0
2023-03-15,407.95,412.75,405.0,406.15,5681261.0
2023-03-16,400.6,400.85,383.1,384.95,16738605.0
2023-03-17,389.25,398.05,386.55,396.7,9860073.0
2023-03-20,393.75,394.05,381.0,385.75,6330249.0
2023-03-21,387.7,390.6,384.95,388.55,6079681.0
2023-03-22,390.1,396.75,388.25,392.75,6511494.0
2023-03-23,387.0,400.65,386.0,398.8,10453779.0
2023-03-24,400.8,401.0,386.15,388.4,8828983.0
2023-03-27,390.0,396.6,389.4,389.95,7065314.0
2023-03-28,393.0,399.8,391.75,392.9,6424207.0
2023-03-29,394.9,400.9,389.9,399.05,6950893.0
2023-03-31,404.05,410.3,401.1,403.2,7466787.0
2023-04-03,406.5,406.9,399.55,402.55,5199785.0
2023-04-05,402.0,404.6,394.3,403.3,5607392.0
2023-04-06,401.0,406.5,398.75,405.25,4174331.0
2023-04-10,406.8,413.85,405.5,411.45,5326959.0
2023-04-11,412.9,418.05,411.15,417.55,4964770.0
2023-04-12,419.9,422.4,415.6,417.65,4701452.0
2023-04-13,418.05,422.75,415.35,422.05,6367940.0
2023-04-17,422.35,429.15,421.6,428.5,6920211.0
2023-04-18,430.0,433.0,427.9,431.55,4865940.0
2023-04-19,434.4,437.35,431.3,433.05,5982274.0
2023-04-20,431.9,435.7,428.05,429.85,3829868.0
2023-04-21,429.95,430.85,419.0,422.35,5139345.0
2023-04-24,419.0,428.95,418.35,427.8,2308450.0
2023-04-25,425.0,431.7,425.0,429.8,3648124.0
2023-04-26,425.6,427.0,422.1,424.8,5184973.0
2023-04-27,425.0,431.45,422.05,430.8,3271257.0
2023-04-28,433.5,437.0,430.9,436.1,4913550.0
2023-05-02,439.0,449.9,438.0,446.15,5178547.0
2023-05-03,441.0,443.9,434.25,442.3,4826725.0
2023-05-04,445.0,446.45,440.5,445.5,3100187.0
2023-05-05,443.0,443.5,432.65,434.25,3034975.0
2023-05-08,438.25,446.9,436.2,445.05,4090222.0
2023-05-09,444.55,446.7,439.2,440.35,2941853.0
2023-05-10,441.0,442.85,433.65,436.45,3075586.0
2023-05-11,434.0,434.0,419.55,420.85,11079706.0
2023-05-12,419.0,419.0,403.8,404.75,11152831.0
2023-05-15,408.5,412.85,404.35,410.7,5148782.0
2023-05-16,413.6,417.7,411.0,412.45,4010692.0
2023-05-17,411.8,413.4,405.55,407.7,3727878.0
2023-05-18,411.0,413.4,405.65,406.5,4078918.0
2023-05-19,408.0,408.4,400.4,406.75,5523050.0
2023-05-22,406.0,409.0,402.7,407.7,4237198.0
2023-05-23,409.2,413.8,406.9,410.3,3690613.0
2023-05-24,408.9,410.5,403.6,406.9,7866105.0
2023-05-25,404.5,405.75,397.8,404.25,8018242.0
2023-05-26,405.1,415.3,403.1,413.55,6401093.0
2023-05-29,417.1,425.0,415.5,419.9,8350721.0
2023-05-30,421.5,421.5,411.6,413.1,5596603.0
2023-05-31,410.5,410.7,404.35,405.9,22945527.0
2023-06-01,409.05,414.4,405.9,406.35,4269628.0
2023-06-02,412.05,421.9,412.05,420.75,11695034.0
2023-06-05,424.85,426.0,418.4,419.7,8039709.0
2023-06-06,419.7,422.0,413.8,415.55,4383684.0
2023-06-07,418.0,423.7,413.85,422.6,6911473.0
2023-06-08,423.95,425.7,417.7,418.25,5570967.0
2023-06-09,421.85,421.85,414.5,415.05,3518826.0
2023-06-12,417.95,421.0,414.0,416.8,2813911.0
2023-06-13,419.0,424.0,416.9,421.4,4247391.0
2023-06-14,427.0,430.0,424.15,425.05,7205023.0
2023-06-15,424.9,425.65,420.75,423.05,4863359.0
2023-06-16,427.7,431.45,425.8,426.95,7909463.0
2023-06-19,424.25,432.0,423.25,426.5,3887879.0
2023-06-20,426.15,433.25,423.15,429.0,5085774.0
2023-06-21,428.95,429.65,418.1,421.45,5679825.0
2023-06-22,421.9,425.3,416.25,420.8,3555164.0
2023-06-23,416.0,416.85,407.45,407.75,5369119.0
2023-06-26,410.0,416.0,408.3,415.85,4448807.0
2023-06-27,416.0,419.3,414.0,417.15,3027831.0
2023-06-28,419.75,421.3,418.5,420.25,4580323.0
2023-06-30,419.85,422.65,415.25,420.7,4082708.0
2023-07-03,424.0,428.75,422.4,426.0,3671014.0
2023-07-04,427.95,428.75,423.15,425.8,2690769.0
2023-07-05,425.0,427.4,419.35,422.25,4768914.0
2023-07-06,418.95,427.8,417.35,427.3,4997858.0
2023-07-07,423.9,425.0,418.5,422.15,6747799.0
2023-07-10,423.0,436.2,423.0,428.1,6490014.0
2023-07-11,429.25,430.6,424.05,424.3,3023204.0
2023-07-12,425.5,426.95,422.25,424.45,2843888.0
2023-07-13,430.2,439.5,430.2,436.0,11479314.0
2023-07-14,441.0,448.3,440.35,447.2,10678826.0
2023-07-17,447.8,454.15,443.95,446.0,8387920.0
2023-07-18,447.0,448.75,442.2,445.0,3951503.0
2023-07-19,444.0,444.35,438.5,439.8,5049061.0
2023-07-20,442.0,442.9,438.3,441.8,5137527.0
2023-07-21,441.45,441.45,433.75,434.2,4267707.0
2023-07-24,434.0,437.55,431.5,433.2,3382303.0
2023-07-25,436.15,450.45,435.0,450.15,8461591.0
2023-07-26,449.5,451.65,446.45,449.0,4174917.0
2023-07-27,451.0,459.45,448.15,452.7,5596067.0
2023-07-28,450.5,452.65,443.5,451.05,3874590.0
2023-07-31,453.05,463.2,453.0,461.55,4955748.0
2023-08-01,465.0,471.5,462.1,463.9,6221012.0
2023-08-02,460.0,461.2,450.0,453.15,5957140.0
2023-08-03,450.0,458.5,445.15,457.2,4012767.0
2023-08-04,464.0,466.0,453.9,457.1,7510647.0
2023-08-07,459.2,467.35,459.2,464.15,3758909.0
2023-08-08,464.85,467.25,452.0,455.25,6430764.0
2023-08-09,454.75,469.8,451.0,468.25,6122719.0
2023-08-10,468.0,471.0,463.0,468.9,4248092.0
2023-08-11,467.0,467.4,460.05,461.9,4400879.0
2023-08-14,458.6,458.6,447.6,449.85,4533577.0
2023-08-16,447.0,447.0,439.1,444.0,5035504.0
2023-08-17,443.0,449.2,440.5,446.1,3548302.0
2023-08-18,447.5,447.5,438.2,439.2,3979351.0
2023-08-21,443.0,450.85,439.9,448.7,3768390.0
2023-08-22,449.75,454.35,448.8,451.0,3236948.0
2023-08-23,454.7,465.3,454.7,460.9,9140473.0
2023-08-24,464.0,465.9,453.95,456.5,5940299.0
2023-08-25,453.0,454.3,449.0,449.85,3274122.0
2023-08-28,450.55,452.45,445.5,446.1,4236364.0
2023-08-29,448.0,458.45,447.8,457.4,6038578.0
2023-08-30,460.2,465.1,455.8,456.65,5471820.0
2023-08-31,462.25,465.0,457.0,461.9,9237908.0
2023-09-01,462.95,478.5,462.1,473.25,11151562.0
2023-09-04,477.6,492.3,475.0,486.65,10359653.0
2023-09-05,486.0,489.75,478.2,486.1,4941534.0
2023-09-06,484.9,484.9,474.25,478.15,5138246.0
2023-09-07,475.55,479.5,473.55,475.1,4055611.0
2023-09-08,473.0,478.8,467.7,476.15,5637990.0
2023-09-11,478.0,487.8,476.45,484.85,5960678.0
2023-09-12,490.0,490.9,475.4,477.75,6817270.0
2023-09-13,478.5,484.8,473.85,483.2,4162140.0
2023-09-14,486.0,508.9,486.0,497.35,16108768.0
2023-09-15,507.8,508.0,494.95,496.55,8515363.0
2023-09-18,494.0,494.0,483.15,484.5,6238600.0
2023-09-20,482.0,486.4,475.25,478.3,5861905.0
2023-09-21,479.0,486.45,476.4,479.55,5146457.0
2023-09-22,479.0,481.8,471.5,478.85,3684720.0
2023-09-25,478.8,478.8,467.25,469.35,5768069.0
2023-09-26,468.5,474.3,466.2,471.5,4666823.0
2023-09-27,466.25,475.75,466.25,474.95,5656858.0
2023-09-28,476.0,479.6,464.45,466.85,5869780.0
2023-09-29,478.0,494.5,474.2,492.65,11604605.0
2023-10-03,483.1,484.55,476.6,479.95,4657602.0
2023-10-04,474.0,477.9,470.0,473.4,3302259.0
2023-10-05,473.4,482.4,468.35,470.55,4801287.0
2023-10-06,475.0,476.45,469.35,472.6,3134022.0
2023-10-09,472.45,473.5,464.6,469.8,2681298.0
2023-10-10,473.0,484.8,467.0,480.65,7863825.0
2023-10-11,485.65,485.95,480.1,483.9,7006735.0
2023-10-12,483.1,494.0,482.55,484.4,6895255.0
2023-10-13,479.0,487.5,477.5,480.6,4652247.0
2023-10-16,479.75,486.5,475.3,483.4,5043158.0
2023-10-17,486.5,488.45,480.7,484.35,4495043.0
2023-10-18,487.8,494.8,483.55,485.05,7437952.0
2023-10-19,478.45,482.25,471.0,479.95,6035837.0
2023-10-20,475.0,479.85,470.0,471.75,2777724.0
2023-10-23,470.8,473.95,455.0,456.7,2994345.0
2023-10-25,466.0,473.0,459.4,461.2,7854105.0
2023-10-26,456.7,458.45,448.75,456.65,6625855.0
2023-10-27,458.0,464.4,454.45,456.15,6193726.0
2023-10-30,458.75,461.75,454.0,456.65,7523779.0
2023-10-31,465.0,465.0,453.25,459.5,5236060.0
2023-11-01,458.5,466.0,456.0,462.7,4931538.0
2023-11-02,463.25,475.8,463.25,474.2,3933951.0
2023-11-03,478.95,481.45,474.25,475.2,3274345.0
2023-11-06,480.0,484.8,478.25,481.95,4294682.0
2023-11-07,482.0,491.5,480.3,484.55,5425669.0
2023-11-08,491.45,491.45,478.15,488.05,8220612.0
2023-11-09,488.8,488.8,483.15,484.45,3271496.0
2023-11-10,482.05,488.25,479.55,481.3,3498064.0
2023-11-12,485.0,486.0,480.65,482.45,302230.0
2023-11-13,482.0,492.35,481.1,487.5,4918873.0
2023-11-15,497.0,513.5,494.2,505.4,11674265.0
2023-11-16,504.0,507.45,497.15,504.3,4171759.0
2023-11-17,503.05,506.45,496.85,497.75,3595049.0
2023-11-20,500.15,505.95,496.55,497.3,4305637.0
2023-11-21,502.8,510.95,501.9,506.85,7154476.0
2023-11-22,504.9,506.85,498.95,500.25,4337970.0
2023-11-23,499.0,503.0,491.65,501.95,6628259.0
2023-11-24,504.85,512.75,502.55,507.8,5973059.0
2023-11-28,511.75,518.25,509.8,515.6,7804926.0
2023-11-29,519.0,523.35,513.9,517.45,6275280.0
2023-11-30,519.3,519.75,511.35,515.65,7599701.0
2023-12-01,520.05,524.8,515.3,517.2,4933886.0
2023-12-04,524.05,526.65,516.55,519.25,5985489.0
2023-12-05,518.35,528.8,515.45,520.65,6399021.0
2023-12-06,521.0,526.95,515.6,523.0,4831956.0
2023-12-07,521.0,522.4,515.1,516.05,4628885.0
2023-12-08,519.5,525.05,514.0,520.35,3733998.0
2023-12-11,520.3,523.8,517.1,522.4,2597347.0
2023-12-12,525.0,538.5,522.15,527.45,9498031.0
2023-12-13,528.95,535.25,523.3,532.85,4000017.0
2023-12-14,540.0,545.95,537.25,543.1,7190654.0
2023-12-15,556.0,559.05,548.2,557.25,8191005.0
2023-12-18,557.0,567.4,551.5,566.4,5076184.0
2023-12-19,567.95,567.95,555.7,564.85,4484733.0
2023-12-20,569.5,570.9,546.25,548.2,6959868.0
2023-12-21,544.0,561.65,541.65,556.25,4591119.0
2023-12-22,559.4,572.0,559.0,570.45,7865384.0
2023-12-26,574.95,580.85,570.5,579.85,4649730.0
2023-12-27,582.0,607.65,580.3,605.6,12430827.0
2023-12-28,608.0,616.5,605.2,614.3,7139743.0
2023-12-29,614.3,618.0,608.1,614.85,3995822.0
2024-01-01,614.5,620.5,606.95,610.4,2961919.0
2024-01-02,610.4,620.0,607.4,617.0,4975013.0
2024-01-03,608.25,611.4,592.0,593.05,7226455.0
2024-01-04,594.0,595.85,587.65,590.5,6592370.0
2024-01-05,590.6,597.6,581.55,587.0,2990123.0
2024-01-08,587.0,592.5,576.45,577.65,4425767.0
2024-01-09,581.95,584.9,573.6,575.95,5314029.0
2024-01-10,576.0,582.0,570.65,580.05,2408792.0
2024-01-11,582.95,587.0,575.5,576.95,3899383.0
2024-01-12,581.0,585.5,575.75,582.05,2440863.0
2024-01-15,585.85,586.0,572.25,574.65,3778987.0
2024-01-16,575.95,584.85,569.45,579.55,5187155.0
2024-01-17,570.95,572.7,558.1,560.25,6148035.0
2024-01-18,560.25,561.35,547.8,554.9,3784905.0
2024-01-19,556.5,561.0,554.5,557.1,4451789.0
2024-01-20,561.0,566.75,558.35,561.05,1502352.0
2024-01-23,558.0,561.8,537.6,541.4,7867972.0
2024-01-24,550.0,566.8,547.0,565.15,8619429.0
2024-01-25,566.5,570.0,558.4,567.2,5366990.0
2024-01-29,568.0,571.95,562.0,567.9,5126212.0
2024-01-30,569.95,584.3,567.25,569.25,7968815.0
2024-01-31,569.2,580.6,568.25,579.35,5644545.0
2024-02-01,578.0,581.8,570.3,571.25,3509803.0
2024-02-02,577.0,589.0,573.1,583.5,7145858.0
2024-02-05,583.5,590.9,576.05,579.9,4801118.0
2024-02-06,578.6,587.75,569.25,584.9,4099573.0
2024-02-07,590.4,602.15,584.65,592.25,9415146.0
2024-02-08,592.0,608.95,587.85,601.3,11844758.0
2024-02-09,601.0,602.0,576.3,591.3,5105348.0
2024-02-12,591.9,601.8,579.75,582.45,4595403.0
2024-02-13,539.0,540.0,496.35,510.1,46100123.0
2024-02-14,515.0,516.9,503.15,507.8,16634538.0
2024-02-15,512.7,518.5,507.6,513.2,13303658.0
2024-02-16,519.95,519.95,510.95,515.7,12066565.0
2024-02-19,518.75,518.9,511.8,512.3,5580597.0
2024-02-20,512.6,515.9,507.15,511.6,5186970.0
2024-02-21,535.0,538.0,510.0,511.8,18106978.0
2024-02-22,516.3,522.15,514.25,521.15,8727844.0
2024-02-23,524.7,524.8,517.0,518.35,6445580.0
2024-02-26,519.4,519.75,504.0,505.05,7605543.0
2024-02-27,505.5,512.2,504.7,509.65,6741206.0
2024-02-28,512.5,514.45,501.75,504.4,4406098.0
2024-02-29,506.5,508.0,499.0,503.85,16860796.0
2024-03-01,510.0,522.5,510.0,519.1,9882296.0
2024-03-02,523.0,524.0,518.0,522.85,623929.0
2024-03-04,524.0,529.85,520.05,524.95,5989974.0
2024-03-05,524.0,528.3,520.2,522.1,5729926.0
2024-03-06,522.05,527.9,513.95,526.95,4637732.0
2024-03-07,530.8,540.85,529.25,536.7,7909060.0
2024-03-11,540.0,543.25,532.1,533.7,5527908.0
2024-03-12,533.1,536.85,525.3,528.95,3703670.0
2024-03-13,529.35,530.0,501.2,507.0,5712435.0
2024-03-14,512.0,526.35,507.0,525.25,10349338.0
2024-03-15,522.0,534.05,517.5,532.55,8467660.0
2024-03-18,532.0,535.55,527.0,531.15,4282437.0
2024-03-19,532.0,539.75,529.25,533.65,7119131.0
2024-03-20,533.0,535.5,516.35,527.85,5005234.0
2024-03-21,538.4,545.75,534.25,539.7,8795679.0
2024-03-22,539.7,550.65,537.35,547.75,5518261.0
2024-03-26,545.65,561.0,545.0,558.65,7198061.0
2024-03-27,564.2,564.65,556.8,557.65,5320703.0
2024-03-28,561.0,566.65,555.3,560.25,8326754.0
2024-04-01,570.0,574.0,564.1,568.6,6192790.0
2024-04-02,571.0,572.3,561.55,571.2,4626877.0
2024-04-03,570.2,584.1,567.15,576.6,7514291.0
2024-04-04,590.0,590.0,568.95,577.75,7246259.0
2024-04-05,572.5,575.0,567.6,570.05,4884617.0
2024-04-08,572.0,579.7,570.5,576.8,3276169.0
2024-04-09,578.1,595.45,574.0,588.6,7829711.0
2024-04-10,596.2,604.9,591.05,603.05,11748104.0
2024-04-12,609.05,609.05,595.3,598.65,15994496.0
2024-04-15,615.0,625.4,605.7,612.7,27067692.0
2024-04-16,612.7,621.4,606.8,608.85,10722248.0
2024-04-18,616.4,625.0,609.8,612.8,9953539.0
2024-04-19,609.0,616.3,600.7,614.75,6443897.0
2024-04-22,620.65,622.45,612.7,618.55,6503652.0
2024-04-23,618.5,618.75,610.4,611.8,6154126.0
2024-04-24,611.8,637.65,608.7,636.1,11775700.0
2024-04-25,635.7,648.25,628.1,646.8,11897458.0
2024-04-26,650.95,661.6,643.0,649.3,7545608.0
2024-04-29,654.95,655.4,641.2,650.05,4157501.0
2024-04-30,653.6,653.7,642.3,644.4,4771959.0
2024-05-02,635.9,646.9,628.65,641.45,17929526.0
2024-05-03,655.05,655.05,638.4,647.1,10633995.0
2024-05-06,650.0,655.0,629.3,638.8,10094421.0
2024-05-07,646.9,646.9,611.75,620.2,10787196.0
2024-05-08,615.1,634.45,615.1,633.5,7683352.0
2024-05-09,634.0,637.75,615.0,619.4,6588118.0
2024-05-10,620.1,629.55,618.0,625.6,4364788.0
2024-05-13,625.1,636.15,614.3,633.5,3582386.0
2024-05-14,644.35,649.5,638.2,646.65,8339846.0
2024-05-15,653.0,659.0,648.7,653.7,6764257.0
2024-05-16,660.0,666.0,643.25,653.35,8781056.0
2024-05-17,653.0,658.8,650.4,655.45,5026205.0
2024-05-18,662.0,662.9,657.5,660.35,466522.0
2024-05-21,666.3,695.4,663.2,693.6,15976672.0
2024-05-22,698.55,698.7,677.4,684.55,8004434.0
2024-05-23,675.15,678.55,665.95,676.8,9749101.0
2024-05-24,679.25,690.45,671.05,673.25,15930052.0
2024-05-27,685.05,689.5,675.5,677.85,10475785.0
2024-05-28,682.0,698.0,678.35,681.3,12925385.0
2024-05-29,695.0,713.5,682.3,705.3,22684652.0
2024-05-30,704.85,713.05,693.35,695.15,10361716.0
2024-05-31,698.9,703.45,684.35,689.35,13620282.0
2024-06-03,715.0,715.25,692.8,695.95,7081956.0
2024-06-04,697.0,697.0,594.25,649.05,24250212.0
2024-06-05,627.0,700.65,607.0,695.25,25836374.0
2024-06-06,695.0,695.0,673.0,677.5,10420244.0
2024-06-07,677.5,687.0,672.45,680.35,7172942.0
2024-06-10,677.05,684.85,673.05,676.4,4054802.0
2024-06-11,680.0,681.25,672.05,672.95,5157918.0
2024-06-12,674.0,683.0,671.85,673.9,10783822.0
2024-06-13,678.0,684.65,676.05,680.7,9555904.0
2024-06-14,690.0,690.0,677.4,683.6,8326865.0
2024-06-18,683.6,688.0,677.0,678.75,4013739.0
2024-06-19,680.05,682.0,660.4,662.4,4770356.0
2024-06-20,665.0,684.35,661.75,676.5,6646966.0
2024-06-21,680.0,691.2,677.0,684.5,11973903.0
2024-06-24,679.6,687.7,675.1,685.25,8014595.0
2024-06-25,688.8,696.0,680.9,685.5,5778636.0
2024-06-26,683.55,683.55,671.35,674.7,6069407.0
2024-06-27,678.0,687.7,672.1,685.25,7135387.0
2024-06-28,690.25,697.5,686.0,693.55,6101211.0
2024-07-01,699.0,701.85,688.4,689.85,4870114.0
2024-07-02,689.9,703.3,688.4,694.75,5482768.0
2024-07-03,698.9,703.0,683.4,691.65,5875690.0
2024-07-04,697.7,705.75,690.55,691.85,5924057.0
2024-07-05,694.0,702.5,693.5,699.15,5174673.0
2024-07-08,703.65,705.9,691.65,697.2,2636146.0
2024-07-09,702.0,710.65,695.55,707.0,5507357.0
2024-07-10,708.0,712.1,685.3,693.3,5327276.0
2024-07-11,702.0,702.0,692.0,696.3,6856272.0
2024-07-12,697.5,702.45,686.1,692.05,3839953.0
2024-07-15,692.05,701.6,688.45,700.1,2848268.0
2024-07-16,700.3,703.15,689.0,690.8,4570179.0
2024-07-18,686.0,695.85,684.1,689.95,7841505.0
2024-07-19,683.9,685.7,658.65,663.0,6207375.0
2024-07-22,655.0,675.0,650.85,672.3,3291634.0
2024-07-23,672.3,673.2,638.7,653.5,9602846.0
2024-07-24,653.0,656.65,645.0,651.6,2610134.0
2024-07-25,641.95,649.0,633.3,646.55,6171776.0
2024-07-26,660.0,668.5,655.0,667.6,4730539.0
2024-07-29,676.75,676.75,665.0,666.85,6032470.0
2024-07-30,665.0,665.0,654.6,660.5,6714850.0
2024-07-31,667.0,674.0,664.25,669.6,8551592.0
2024-08-01,680.0,690.9,667.35,673.5,8831127.0
2024-08-02,659.8,665.6,646.55,648.05,6717210.0
2024-08-05,628.05,633.85,609.25,614.3,13451475.0
2024-08-06,625.0,629.0,608.0,610.3,7063441.0
2024-08-07,625.0,629.45,616.75,623.7,4839670.0
2024-08-08,625.0,631.0,613.0,614.05,5396272.0
2024-08-09,622.0,626.5,614.8,622.9,3629264.0
2024-08-12,619.0,634.4,616.5,629.35,3586449.0
2024-08-13,634.4,634.4,619.2,621.4,6793767.0
2024-08-14,626.85,633.95,611.6,621.45,8646288.0
2024-08-16,633.95,642.0,630.2,634.15,6566337.0
2024-08-19,636.5,660.3,636.5,658.85,9510274.0
2024-08-20,663.0,674.3,661.05,672.9,10295836.0
2024-08-21,668.9,696.6,667.8,685.6,7815238.0
2024-08-22,691.5,692.0,677.2,685.55,6188728.0
2024-08-23,690.05,694.7,677.8,685.1,7774920.0
2024-08-26,694.4,712.9,689.5,711.85,11517668.0
2024-08-27,711.9,712.95,702.75,703.5,6465241.0
2024-08-28,706.0,710.7,701.15,705.05,3599946.0
2024-08-29,697.65,702.35,691.4,700.5,5728640.0
2024-08-30,699.0,708.5,695.1,701.35,7404373.0
2024-09-02,706.7,706.7,683.2,683.9,6186645.0
2024-09-03,687.65,692.7,677.55,678.9,4457291.0
2024-09-04,666.65,673.8,661.25,666.8,5816848.0
2024-09-05,670.0,672.4,667.25,669.95,3749608.0
2024-09-06,668.25,677.0,665.45,667.1,6311131.0
2024-09-09,664.0,664.0,651.0,658.55,5144488.0
2024-09-10,664.9,666.8,653.7,659.5,3304741.0
2024-09-11,658.6,658.6,645.4,647.7,3825823.0
2024-09-12,658.0,677.9,651.5,676.2,8594764.0
2024-09-13,686.0,686.4,670.6,673.25,5977861.0
2024-09-16,680.1,687.55,676.55,685.15,4258546.0
2024-09-17,689.0,692.0,681.1,683.0,3395470.0
2024-09-18,685.0,687.95,673.35,685.25,3404940.0
2024-09-19,690.0,690.85,668.2,684.2,5134590.0
2024-09-20,692.1,698.8,688.75,694.4,9753966.0
2024-09-23,695.5,698.0,687.95,690.55,2808114.0
2024-09-24,697.6,719.7,693.0,717.85,15201960.0
2024-09-25,725.0,730.9,715.55,718.45,9525319.0
2024-09-26,718.45,736.15,710.7,734.65,10573166.0
2024-09-27,746.95,757.7,742.1,747.15,12936973.0
2024-09-30,750.0,764.45,749.45,755.0,8498116.0
2024-10-01,755.0,765.5,745.2,761.55,4402151.0
2024-10-03,750.0,772.65,744.7,747.1,5649089.0
2024-10-04,742.65,757.55,740.05,747.9,4624509.0
2024-10-07,753.0,753.0,722.5,731.3,5862059.0
2024-10-08,723.5,732.0,708.0,721.8,5418558.0
2024-10-09,710.0,735.75,710.0,727.55,3733320.0
2024-10-10,731.9,738.2,726.3,730.15,3890250.0
2024-10-11,736.0,749.95,733.05,747.35,5224383.0
2024-10-14,746.0,755.0,739.45,743.0,2540789.0
2024-10-15,746.0,750.0,720.65,726.95,3056619.0
2024-10-16,728.5,738.9,726.05,733.1,3207796.0
2024-10-17,741.1,747.3,732.35,734.8,6213860.0
2024-10-18,734.8,756.45,725.05,753.5,5474367.0
2024-10-21,760.0,765.45,737.0,739.6,2981749.0
2024-10-22,733.0,745.8,718.3,720.25,5672302.0
2024-10-23,716.0,731.15,713.3,717.1,6522834.0
2024-10-24,715.0,715.0,666.75,690.7,14909729.0
2024-10-25,694.5,694.9,668.45,678.75,4091651.0
2024-10-28,681.0,697.0,680.8,692.9,2587719.0
2024-10-29,692.9,696.2,676.45,693.6,4293867.0
2024-10-30,690.95,698.8,685.4,688.4,3284187.0
2024-10-31,686.85,689.55,679.25,686.05,4478581.0
2024-11-01,687.5,693.9,687.2,690.9,472898.0
2024-11-04,689.0,689.9,661.6,674.3,5245661.0
2024-11-05,675.6,701.45,674.8,697.55,4931994.0
2024-11-06,706.0,714.25,687.85,708.2,5500043.0
2024-11-07,682.0,687.7,646.3,648.1,26671445.0
2024-11-08,654.75,660.45,647.0,650.45,7886228.0
2024-11-11,647.45,657.6,638.7,655.35,4933389.0
2024-11-12,668.0,673.5,648.15,651.65,12009560.0
2024-11-13,648.0,649.9,622.55,626.6,7867492.0
2024-11-14,630.0,636.45,625.15,627.35,6937416.0
2024-11-18,641.9,663.1,639.9,651.05,13618683.0
2024-11-19,651.1,655.55,637.65,640.0,5015887.0
2024-11-21,641.0,653.9,634.3,648.05,7910597.0
2024-11-22,652.95,657.3,647.4,652.1,3586402.0
2024-11-25,660.1,663.0,654.45,659.85,5760810.0
2024-11-26,662.9,670.25,659.25,666.1,3604133.0
2024-11-27,667.2,669.8,660.15,661.1,2910507.0
2024-11-28,661.0,663.15,647.6,650.25,4686850.0
2024-11-29,652.5,658.6,649.1,656.2,3412007.0
2024-12-02,656.2,663.4,653.05,662.6,2174126.0
2024-12-03,665.4,669.6,657.0,667.55,3306465.0
2024-12-04,667.55,671.25,659.65,663.05,2785457.0
2024-12-05,664.0,673.95,658.7,670.85,5156111.0
2024-12-06,673.45,676.5,667.25,670.15,2723680.0
2024-12-09,666.95,672.5,654.25,670.9,5079369.0
2024-12-10,675.0,676.0,664.7,668.9,3950822.0
2024-12-11,671.0,679.8,668.05,670.5,3418716.0
2024-12-12,675.0,679.8,662.0,668.7,6585440.0
2024-12-13,663.0,665.55,648.0,662.1,4198819.0
2024-12-16,661.3,666.6,652.05,653.5,2619582.0
2024-12-17,649.5,653.6,637.1,639.45,4800541.0
2024-12-18,641.95,642.05,628.25,633.0,3753662.0
2024-12-19,620.6,633.25,614.1,629.35,5198027.0
2024-12-20,629.35,640.6,620.7,622.65,5964142.0
2024-12-23,625.55,635.9,625.55,634.15,2921238.0
2024-12-24,635.0,638.1,625.75,627.45,4830151.0
2024-12-26,630.0,633.45,626.75,628.75,4476967.0
2024-12-27,628.75,632.85,615.7,617.4,3391148.0
2024-12-30,615.4,620.3,599.15,601.1,8023050.0
2024-12-31,601.4,605.9,597.45,602.45,3807525.0
2025-01-01,601.5,603.75,587.5,592.95,9217246.0
2025-01-02,594.9,600.55,588.6,599.0,8525001.0
2025-01-03,599.0,599.75,590.0,591.15,6291674.0
2025-01-06,592.6,593.85,571.6,574.1,11202314.0
2025-01-07,573.05,588.4,572.05,584.5,5379682.0
2025-01-08,582.75,587.6,577.45,586.65,4077369.0
2025-01-09,580.0,596.85,578.65,589.25,7595188.0
2025-01-10,586.0,589.25,571.6,574.45,10613705.0
2025-01-13,571.6,573.95,562.0,563.75,7689295.0
2025-01-14,569.9,591.95,568.35,590.9,8506497.0
2025-01-15,594.0,596.2,586.55,591.55,4390121.0
2025-01-16,596.0,607.0,590.55,602.6,4959410.0
2025-01-17,603.85,619.0,603.7,617.0,6414327.0
2025-01-20,617.05,621.95,612.25,618.15,2995173.0
2025-01-21,626.05,628.35,613.45,614.95,3529837.0
2025-01-22,615.0,615.4,605.35,613.45,4426051.0
2025-01-23,611.0,616.2,607.2,608.25,6826419.0
2025-01-24,608.7,615.35,599.9,606.9,4608870.0
2025-01-27,600.05,601.6,585.35,586.9,2919161.0
2025-01-28,590.1,591.65,568.3,573.85,6250865.0
2025-01-29,576.5,587.85,571.6,584.1,4618198.0
2025-01-30,586.9,601.85,581.7,587.85,4604752.0
2025-01-31,590.0,596.4,584.3,594.3,3750965.0
2025-02-01,594.0,595.4,582.0,586.45,1740719.0
2025-02-03,575.0,576.6,557.6,574.05,8169543.0
2025-02-04,580.5,595.9,580.2,583.95,5318376.0
2025-02-05,584.5,604.5,584.5,600.6,3974704.0
2025-02-06,601.05,606.8,591.25,595.45,3571342.0
2025-02-07,595.45,610.6,594.0,607.4,4687823.0
2025-02-10,605.0,606.1,589.5,596.0,3434505.0
2025-02-11,594.05,607.0,591.65,595.85,5303293.0
2025-02-12,599.05,604.95,586.35,598.9,3764143.0
2025-02-13,596.05,607.95,590.1,602.5,4415122.0
2025-02-14,609.0,616.0,595.05,606.2,11475440.0
2025-02-17,606.2,611.9,589.65,610.85,4470099.0
2025-02-18,609.0,613.7,601.7,611.45,2956837.0
2025-02-19,607.0,628.35,606.55,626.3,6101855.0
2025-02-20,627.0,644.2,625.0,638.8,6904537.0
2025-02-21,639.2,656.2,637.95,653.55,7490723.0
2025-02-24,642.0,647.9,636.25,641.9,5931712.0
2025-02-25,636.0,638.45,617.1,619.45,10249548.0
2025-02-27,625.1,633.9,619.5,631.95,7263151.0
2025-02-28,630.0,636.6,619.45,634.35,13041185.0
2025-03-03,634.45,643.5,620.7,636.55,5368388.0
2025-03-04,628.0,643.85,624.1,641.65,4430660.0
2025-03-05,638.0,662.5,638.0,657.35,7876653.0
2025-03-06,664.95,687.6,661.85,681.95,10993614.0
2025-03-07,678.6,694.6,678.6,691.35,8142832.0
2025-03-10,689.8,709.3,686.5,689.15,10707412.0
2025-03-11,684.0,699.0,676.8,695.5,5262297.0
2025-03-12,700.0,702.0,683.8,689.85,5219333.0
2025-03-13,690.2,692.95,673.25,677.35,4877884.0
2025-03-17,678.25,687.5,677.85,680.75,4033133.0
2025-03-18,689.25,701.0,685.95,697.85,5954283.0
2025-03-19,703.0,703.0,690.5,698.55,5462686.0
2025-03-20,702.5,709.85,697.6,705.95,4670064.0
2025-03-21,715.0,715.0,694.2,695.35,7595841.0
2025-03-24,704.85,705.75,695.1,701.5,4296847.0
2025-03-25,700.45,704.35,683.25,693.45,4552278.0
2025-03-26,695.0,702.4,690.5,691.3,3646226.0
2025-03-27,690.95,697.9,689.2,693.35,5002247.0
2025-03-28,690.5,697.45,679.3,682.45,4362212.0
2025-04-01,672.0,683.1,661.95,663.75,5131883.0
2025-04-02,668.7,669.0,652.75,661.2,8357384.0
2025-04-03,658.0,658.0,647.6,652.65,5646497.0
2025-04-04,645.0,645.0,596.55,599.95,9393865.0
2025-04-07,559.0,570.0,546.45,561.8,13117998.0
2025-04-08,575.0,584.35,555.95,568.35,8831753.0
2025-04-09,567.75,567.75,552.2,564.0,7009318.0
2025-04-11,585.0,607.95,576.1,600.3,12562852.0
2025-04-15,613.0,619.3,606.35,617.6,4871858.0
2025-04-16,618.15,619.35,602.0,609.9,4447732.0
2025-04-17,608.9,616.0,604.0,609.5,4518317.0
2025-04-21,611.5,624.9,607.05,622.0,2655716.0
2025-04-22,625.0,631.05,619.05,620.1,4970919.0
2025-04-23,628.75,633.0,620.7,629.1,4674766.0
2025-04-24,630.0,632.55,626.1,628.35,3367773.0
2025-04-25,632.4,634.3,612.95,622.1,3925971.0
2025-04-28,622.45,631.5,622.4,628.65,3965901.0
2025-04-29,631.05,634.25,621.65,622.55,4528870.0
2025-04-30,622.55,632.55,615.0,624.65,5905186.0
2025-05-02,624.0,650.1,621.8,632.1,6341829.0
2025-05-05,635.25,641.6,629.55,633.4,2552160.0
2025-05-06,638.95,642.7,627.45,630.05,2778131.0
2025-05-07,633.0,638.7,629.35,636.3,3587997.0
2025-05-08,635.8,636.3,615.05,620.2,5791783.0
2025-05-09,609.1,630.3,603.75,627.15,3870212.0
2025-05-12,640.15,654.25,638.05,651.95,5474816.0
2025-05-13,645.0,646.35,632.0,634.75,6025310.0
2025-05-14,635.5,652.95,634.0,650.55,4819584.0
2025-05-15,649.5,663.65,646.3,661.35,7133226.0
2025-05-16,659.5,662.95,654.35,657.55,2701320.0
2025-05-19,655.0,661.75,652.0,658.35,3320756.0
2025-05-20,668.0,671.0,655.55,662.75,7950974.0
2025-05-21,667.1,671.0,654.6,663.0,8623519.0
2025-05-22,663.0,663.7,642.5,649.55,6784976.0
2025-05-23,653.0,655.55,642.6,650.1,3448707.0
2025-05-26,655.0,669.7,653.3,661.45,6826417.0
2025-05-27,661.4,665.7,656.5,659.45,4223074.0
2025-05-28,659.45,662.0,647.9,649.95,3546275.0
2025-05-29,649.95,653.55,645.1,650.0,4545776.0
2025-05-30,647.8,650.9,632.15,633.5,9054009.0
2025-06-02,628.95,635.75,618.0,631.1,8397065.0
2025-06-03,636.0,640.9,629.6,632.0,3783426.0
2025-06-04,634.1,640.9,630.65,635.85,3066925.0
2025-06-05,638.0,641.4,633.5,637.25,3565664.0
2025-06-06,637.25,651.25,635.1,650.15,5492102.0
2025-06-09,653.4,654.6,649.25,650.8,2822003.0
2025-06-10,653.8,663.5,652.15,658.35,5693888.0
2025-06-11,660.5,662.9,654.1,655.2,3928464.0
2025-06-12,656.0,661.75,648.2,651.05,6539340.0
2025-06-13,635.0,648.0,635.0,641.8,4543933.0
2025-06-16,641.8,651.05,636.0,649.6,3422978.0
2025-06-17,649.15,650.4,637.6,641.7,4199339.0
2025-06-18,638.0,648.9,638.0,645.35,3412544.0
2025-06-19,643.0,644.7,635.05,641.35,4392425.0
2025-06-20,641.35,654.5,638.6,649.15,7166880.0
2025-06-23,644.0,666.0,640.15,661.4,6080547.0
2025-06-24,668.8,674.0,664.7,669.4,5510353.0
2025-06-25,676.95,676.95,668.45,672.65,5533268.0
2025-06-26,674.1,693.0,672.7,690.6,8196123.0
2025-06-27,695.0,700.05,691.35,697.35,5666934.0
2025-06-30,700.0,700.0,691.45,692.85,4919088.0
2025-07-01,692.4,699.6,684.35,694.3,5468762.0
2025-07-02,695.7,705.75,693.65,698.35,4566893.0
2025-07-03,701.0,708.1,691.8,692.85,4216075.0
2025-07-04,692.0,700.75,689.4,699.45,2680991.0
2025-07-07,699.45,699.45,688.1,692.1,2481724.0
2025-07-08,692.1,696.3,683.1,685.6,3923236.0
2025-07-09,692.0,692.0,664.1,673.95,6703774.0
2025-07-10,675.0,679.5,672.55,675.05,3641238.0
2025-07-11,673.0,676.05,661.55,670.95,4450346.0
2025-07-14,671.0,680.55,665.0,666.5,4338084.0
2025-07-15,670.0,674.25,662.9,670.85,4815703.0
2025-07-16,668.0,670.6,664.0,666.75,4497141.0
2025-07-17,670.0,678.0,668.4,674.55,4022119.0
2025-07-18,676.5,679.3,671.0,675.9,3400654.0
2025-07-21,679.0,687.15,679.0,682.7,4912558.0
2025-07-22,683.2,692.5,683.2,690.05,3802270.0
2025-07-23,692.0,696.0,689.6,695.4,3640968.0
2025-07-24,697.0,704.4,691.6,695.6,4593102.0
2025-07-25,697.0,698.8,687.95,693.45,5220901.0
2025-07-28,693.45,693.95,682.8,689.35,5031797.0
2025-07-29,686.1,695.0,685.0,692.7,2985507.0
2025-07-30,689.15,697.55,684.8,688.8,2829322.0
2025-07-31,677.1,692.3,674.95,683.05,6136890.0
2025-08-01,680.0,683.3,670.85,672.45,3475656.0
2025-08-04,676.0,688.8,671.8,687.7,2286286.0
2025-08-05,692.0,692.0,682.15,687.1,3302614.0
2025-08-06,692.0,692.0,683.35,684.85,2498667.0
2025-08-07,681.9,689.9,674.35,686.8,3417324.0
2025-08-08,684.0,686.4,669.05,672.75,3471816.0
2025-08-11,673.75,683.45,667.25,672.85,3235082.0
2025-08-12,658.0,677.75,657.5,667.05,12238878.0
2025-08-13,673.0,704.95,670.95,700.5,13151356.0
2025-08-14,701.0,702.35,688.0,695.25,4179259.0
2025-08-18,700.0,719.0,697.1,714.15,7211389.0
2025-08-19,714.0,715.15,705.55,706.7,5641195.0
2025-08-20,701.0,705.9,698.05,700.85,5358070.0
2025-08-21,701.05,709.0,700.5,707.3,3231092.0
2025-08-22,708.0,709.6,701.55,704.2,5623045.0
2025-08-25,708.0,720.9,707.55,715.85,4539337.0
2025-08-26,714.0,714.0,701.25,705.7,5229246.0
2025-08-28,700.8,707.0,698.1,701.4,5620555.0
2025-08-29,701.0,708.75,697.0,703.95,5335149.0
2025-09-01,704.5,721.0,702.4,719.6,3771744.0
2025-09-02,720.0,726.1,714.2,720.95,4660894.0
2025-09-03,725.0,744.0,723.1,742.95,8986550.0
2025-09-04,744.05,745.0,737.2,739.05,3763325.0
2025-09-05,738.0,746.65,738.0,743.8,2778157.0
2025-09-08,745.0,749.85,737.4,738.75,2703395.0
2025-09-09,740.7,750.55,739.0,742.9,3393363.0
2025-09-10,745.0,749.8,741.05,743.15,3351988.0
2025-09-11,742.0,747.95,738.0,742.65,3756027.0
2025-09-12,748.9,759.6,745.15,758.05,5698959.0
2025-09-15,758.15,763.4,752.6,753.65,2554957.0
2025-09-16,754.4,757.3,749.15,755.95,2662690.0
2025-09-17,756.0,759.7,744.4,750.1,4182521.0
2025-09-18,746.35,751.45,736.25,750.15,4915450.0
2025-09-19,752.0,756.8,739.0,743.3,5132517.0
2025-09-22,743.3,752.5,741.55,745.7,2232330.0
2025-09-23,745.0,752.25,739.65,745.9,3783529.0
2025-09-24,744.0,748.95,737.7,741.05,2415165.0
2025-09-25,746.0,769.1,740.05,745.65,4702510.0
2025-09-26,745.9,749.5,731.95,743.85,3636265.0
2025-09-29,745.0,758.8,744.85,753.8,4347158.0
2025-09-30,759.95,769.7,758.05,761.95,4718308.0
2025-10-01,761.9,769.4,755.3,765.95,3663841.0
2025-10-03,766.0,790.6,764.1,780.35,6522416.0
2025-10-06,782.05,784.95,774.35,776.7,3544658.0
2025-10-07,771.0,780.75,765.9,767.8,4918764.0
2025-10-08,770.0,781.5,766.15,768.2,6393179.0
2025-10-09,770.25,780.0,769.25,774.1,6806889.0
2025-10-10,774.5,775.75,764.3,773.95,4365229.0
2025-10-13,772.25,774.6,767.2,770.2,3077938.0
2025-10-14,776.05,781.55,754.45,760.1,3510594.0
2025-10-15,765.0,768.7,759.35,764.25,5690264.0
2025-10-16,765.1,780.85,763.5,780.1,4180590.0
2025-10-17,780.0,781.95,766.0,772.8,3254932.0
2025-10-20,774.3,789.45,772.05,786.35,4845432.0
2025-10-21,791.0,791.95,782.5,784.95,457667.0
2025-10-23,791.5,799.85,784.0,792.4,5916416.0
2025-10-24,811.35,826.5,811.35,824.45,16905398.0
2025-10-27,834.9,845.1,827.0,840.85,7308067.0
2025-10-28,838.0,859.9,837.0,848.95,8010504.0
2025-10-29,854.0,858.85,849.55,856.25,5663683.0
2025-10-30,852.1,864.0,848.1,861.35,4704178.0
2025-10-31,856.95,860.6,845.7,847.85,4138495.0
2025-11-03,847.85,856.0,842.6,847.2,4885067.0
2025-11-04,841.55,847.0,829.25,831.4,4673187.0
2025-11-06,788.0,795.0,770.15,788.4,34786635.0
2025-11-07,788.5,802.6,783.0,790.4,13189011.0
2025-11-10,792.0,799.9,783.85,785.2,5914226.0
2025-11-11,790.8,794.7,778.1,793.75,5411465.0
2025-11-12,798.0,809.0,791.75,794.4,7589035.0
2025-11-13,803.0,816.5,799.0,811.95,5854638.0
2025-11-14,807.0,812.5,796.0,803.65,4113598.0
2025-11-17,801.0,809.0,799.75,807.15,2770547.0
2025-11-18,804.5,804.5,788.35,797.15,7299555.0
2025-11-19,797.15,798.8,790.0,790.95,3005726.0
2025-11-20,799.8,802.65,789.3,799.8,6016713.0
2025-11-21,786.0,787.0,776.25,777.7,5099356.0
2025-11-24,782.85,788.1,771.85,774.65,5666985.0
2025-11-25,777.95,791.75,772.65,789.35,6090783.0
2025-11-26,790.15,803.0,787.2,800.8,3842280.0
2025-11-27,807.9,813.95,800.45,807.55,4481695.0
2025-11-28,812.2,815.0,807.2,808.4,3200488.0
2025-12-01,817.95,817.95,808.2,810.8,2064678.0
2025-12-02,811.0,813.5,802.6,806.85,4237151.0
2025-12-03,810.8,819.6,800.95,816.3,4948661.0
2025-12-04,824.0,826.25,809.0,810.8,3381601.0
2025-12-05,811.55,831.9,808.0,823.25,4273147.0
2025-12-08,825.8,833.5,817.25,819.45,4354685.0
2025-12-09,819.0,819.4,803.1,812.9,3394966.0
2025-12-10,816.05,831.75,813.6,821.75,5280811.0
2025-12-11,826.0,830.9,821.15,824.35,3098584.0
2025-12-12,830.8,855.0,830.6,852.1,8178645.0
2025-12-15,851.95,856.25,845.3,847.85,2521938.0
2025-12-16,845.0,845.0,831.15,837.15,2713249.0
2025-12-17,844.05,851.9,840.1,848.8,3270389.0
2025-12-18,850.0,861.95,847.5,856.7,4174631.0
2025-12-19,858.0,864.4,847.55,852.0,4939377.0
2025-12-22,860.0,872.35,857.25,864.55,4865457.0
2025-12-23,871.0,871.8,860.85,863.85,5452783.0
2025-12-24,865.95,882.3,862.15,864.45,3683590.0
2025-12-26,865.25,874.75,861.0,872.9,2334952.0
2025-12-29,886.0,887.45,860.9,865.0,9836341.0
2025-12-30,868.0,888.3,863.85,884.15,15280248.0
2025-12-31,886.4,890.0,879.45,886.7,3539118.0
2026-01-01,888.1,895.95,882.45,894.95,2566505.0
2026-01-02,898.0,927.3,896.55,925.7,5357771.0
2026-01-05,932.5,937.9,925.85,931.7,5278463.0
2026-01-06,936.0,970.8,936.0,942.25,10369133.0
2026-01-07,951.05,954.6,935.1,938.45,6555117.0
2026-01-08,934.05,934.2,898.6,903.95,6266789.0
2026-01-09,902.0,908.45,894.0,900.95,4320582.0
2026-01-12,909.95,921.95,897.0,920.15,6884726.0
2026-01-13,927.4,937.9,922.95,936.3,6868939.0
2026-01-14,941.0,959.0,936.75,955.35,7050653.0
2026-01-16,966.5,966.5,930.0,934.65,4037987.0
2026-01-19,938.5,946.8,928.45,939.95,4007683.0
2026-01-20,944.5,949.85,925.7,928.1,5709976.0
2026-01-21,928.75,944.15,926.4,939.2,5590031.0
2026-01-22,945.0,951.4,934.15,944.45,6165965.0
2026-01-23,955.0,963.9,948.5,950.3,5958887.0
2026-01-27,985.0,985.0,950.75,961.85,10009735.0
2026-01-28,971.05,1007.9,963.05,998.2,12615677.0
2026-01-29,1010.25,1029.8,1008.55,1024.05,14615261.0
2026-01-30,1000.0,1000.0,955.55,962.6,11977092.0
2026-02-01,920.0,936.5,866.35,908.2,8740180.0
2026-02-02,905.7,936.75,897.5,930.5,9659915.0
2026-02-03,950.0,972.55,945.2,955.3,10099249.0
2026-02-04,958.95,970.8,955.45,964.95,4388355.0
2026-02-05,943.15,943.15,923.7,935.45,4580529.0
2026-02-06,926.0,944.0,922.0,942.55,3830296.0
2026-02-09,960.5,970.7,948.3,964.25,5294536.0
2026-02-10,970.25,976.65,955.0,968.9,4101779.0
2026-02-11,970.0,972.0,950.15,965.95,6275356.0
2026-02-12,950.0,966.55,943.95,964.4,4557796.0
2026-02-13,923.55,932.65,901.0,909.0,10170485.0
2026-02-16,895.0,910.3,889.5,907.45,6943209.0
2026-02-17,892.9,898.9,881.0,890.1,7099432.0
2026-02-18,893.0,907.0,891.35,899.25,3909665.0
2026-02-19,910.6,920.5,900.3,905.65,3522571.0
2026-02-20,907.5,937.7,901.1,935.7,5855696.0
2026-02-23,946.9,946.9,907.65,916.2,4932242.0
2026-02-24,920.5,927.0,908.05,922.85,5179022.0
2026-02-25,936.0,946.0,928.5,937.4,5288850.0
2026-02-26,942.0,943.1,931.2,941.3,3075442.0
2026-02-27,938.95,943.35,922.6,924.7,5418634.0
2026-03-02,901.1,945.4,896.1,940.0,5573300.0
2026-03-04,928.0,945.5,912.0,921.8,7575786.0
2026-03-05,930.0,983.5,926.4,954.95,16533658.0
2026-03-06,955.0,971.65,943.15,958.9,8295000.0
2026-03-09,940.0,956.25,925.25,945.35,7016889.0
2026-03-10,956.0,959.75,933.35,956.6,4839199.0
2026-03-11,959.95,978.9,952.5,959.1,4456510.0
2026-03-12,968.0,972.0,934.45,969.75,4664967.0
2026-03-13,967.0,968.15,904.3,910.05,10347187.0
2026-03-16,906.85,943.15,901.3,921.15,10755610.0
2026-03-17,928.9,942.0,916.35,936.65,4862641.0
2026-03-18,932.9,938.4,923.0,933.05,3906519.0
2026-03-19,912.0,933.05,892.15,897.05,4733569.0
2026-03-20,884.95,907.5,870.0,874.25,10063637.0
2026-03-23,855.0,857.35,835.95,840.25,11372786.0
2026-03-24,849.0,864.5,843.5,854.65,3526970.0
2026-03-25,866.0,874.8,862.3,868.65,4491373.0
2026-03-27,860.0,872.95,854.75,866.7,4104597.0
2026-03-30,876.0,913.0,876.0,884.45,12727309.0
2026-04-01,909.0,922.5,900.1,904.6,7777034.0
2026-04-02,898.95,920.95,884.8,916.25,7698211.0
2026-04-06,917.2,935.75,917.2,927.45,5555538.0
2026-04-07,933.95,964.9,932.95,954.5,11877733.0
2026-04-08,975.0,977.0,947.35,951.8,8174489.0
2026-04-09,959.0,989.85,952.25,985.65,9386595.0
2026-04-10,995.35,995.55,978.65,992.1,6013190.0
2026-04-13,978.05,988.6,965.6,978.25,4754347.0
2026-04-15,1036.0,1038.0,1002.1,1011.45,11075349.0
2026-04-16,1016.9,1048.7,1013.0,1039.9,10942179.0
2026-04-17,1036.5,1040.75,1025.0,1039.0,4301884.0
2026-04-20,1031.0,1034.0,1011.4,1015.25,4286182.0
2026-04-21,1018.0,1023.2,1011.4,1021.65,3002043.0
2026-04-22,1030.0,1043.35,1017.0,1039.9,4474181.0
2026-04-23,1039.75,1049.0,1031.15,1041.35,4370028.0
2026-04-24,1031.0,1054.0,1027.55,1048.35,4526003.0
2026-04-27,1058.35,1066.5,1052.0,1061.8,4241483.0
2026-04-28,1060.0,1079.7,1055.15,1074.3,7798496.0
2026-04-29,1078.0,1080.0,1053.0,1067.2,3710080.0
2026-04-30,1058.5,1063.85,1030.4,1038.0,4392857.0
2026-05-04,1043.3,1049.4,1034.5,1042.7,3349359.0
2026-05-05,1036.3,1059.0,1031.1,1054.7,4580696.0
2026-05-06,1067.8,1073.7,1042.4,1045.8,5336857.0
2026-05-07,1048.0,1060.9,1036.6,1055.7,4290514.0
2026-05-08,1048.4,1058.0,1035.3,1044.4,3065690.0
2026-05-11,1031.1,1042.4,1022.1,1023.5,3746752.0
2026-05-12,1027.2,1054.6,1025.0,1041.4,4323348.0
2026-05-13,1048.0,1082.4,1047.0,1073.1,5341453.0
2026-05-14,1083.9,1105.0,1080.9,1103.3,4920811.0
2026-05-15,1101.2,1101.2,1057.6,1067.5,6800905.0
2026-05-18,1050.0,1060.0,1044.0,1053.1,4023849.0
2026-05-19,1052.5,1053.4,1037.1,1048.3,3674289.0
2026-05-20,1038.4,1090.0,1038.4,1085.5,11945517.0
2026-05-21,1098.7,1110.9,1089.3,1099.3,4584559.0
2026-05-22,1099.0,1115.0,1092.8,1109.2,4136312.0
2026-05-25,1110.0,1119.8,1081.2,1099.6,7677225.0
2026-05-26,1102.0,1118.0,1094.6,1103.8,5880899.0
2026-05-27,1118.3,1154.0,1118.3,1149.7,7559470.0
2026-05-29,1176.0,1176.0,1122.0,1126.7,11987286.0
2026-06-01,1130.0,1150.0,1127.2,1141.3,6934532.0
2026-06-02,1141.0,1161.0,1136.4,1146.3,5325199.0
2026-06-03,1155.0,1159.9,1126.6,1138.9,4865978.0
2026-06-04,1134.0,1137.1,1121.4,1125.6,3868557.0
2026-06-05,1126.6,1132.3,1090.1,1092.6,4546693.0
2026-06-08,1061.0,1078.6,1050.8,1062.4,4879594.0
2026-06-09,1074.0,1082.5,1053.8,1076.7,5880133.0
2026-06-10,1066.9,1066.9,1034.2,1039.3,8048339.0
2026-06-11,1029.8,1038.6,1022.8,1024.3,6664493.0
2026-06-12,1045.0,1049.0,1015.3,1021.6,9388824.0
2026-06-15,1039.2,1039.7,1011.1,1013.9,8474101.0
2026-06-16,990.0,990.0,970.0,982.4,11200461.0
2026-06-17,985.0,1011.6,971.2,1007.9,10853418.0
2026-06-18,1006.0,1017.4,999.0,1008.5,6184717.0
2026-06-19,998.0,1016.8,985.2,1010.0,6013455.0
2026-06-22,1014.0,1018.1,1003.6,1014.2,4244908.0
2026-06-23,999.0,999.0,978.0,986.8,7191224.0
2026-06-24,972.0,988.5,970.3,976.6,5029316.0
2026-06-25,965.0,970.9,950.2,953.2,12155741.0
2026-06-29,952.1,973.5,952.0,963.8,9499504.0
2026-06-30,957.0,966.6,948.8,956.6,8514541.0
2026-07-01,951.9,960.25,937.5,939.7,5637215.0
2026-07-02,942.05,962.5,942.05,949.2,3505234.0
2026-07-03,965.0,978.9,951.05,953.2,3352734.0
2026-07-06,960.85,981.6,954.0,980.4,4642287.0
2026-07-07,970.4,978.95,962.9,969.5,4411767.0
2026-07-08,962.05,979.9,962.05,971.65,6547101.0
2026-07-09,971.7,973.95,954.65,963.45,6043658.0
2026-07-10,976.0,985.6,964.7,967.45,5859033.0
2026-07-13,963.1,971.7,956.45,966.85,4070887.0
2026-07-14,964.0,998.0,964.0,974.3,8061017.0
2026-07-15,972.0,976.0,953.0,955.8,5279138.0
2026-07-16,972.4,972.4,957.2,959.3,3388958.0
2026-07-17,955.0,959.1,939.5,944.15,4222686.0
2026-07-20,944.35,957.75,944.15,947.8,3996887.0
2026-07-21,944.15,956.3,941.0,951.4,4965762.0
2026-07-22,955.0,961.95,945.2,950.0,4055709.0
2026-07-23,950.0,964.0,947.55,955.65,4722307.0
2026-07-24,947.6,950.9,939.7,942.8,4494329.0
2026-07-27,944.45,951.25,943.05,945.25,2035425.0
2026-07-28,945.0,947.9,935.1,936.4,3835947.0
2026-07-29,940.0,964.8,938.15,962.45,2939377.0
2026-07-30,968.0,973.05,960.6,970.4,4259226.0
2026-07-31,979.8,988.0,971.05,974.45,5579336.0
2026-08-03,990.0,994.9,981.35,994.9,5617219.0
2026-08-04,995.0,1017.8,993.1,1017.8,7443407.0
